number,value,datetime_start,datetime_complete,duration,params_batch_size,params_class_dim,params_epochs,params_l2scale,params_num_channels,params_random_dim,user_attrs_corr_similarity,user_attrs_dcr,user_attrs_dcr_norm,user_attrs_fidelity,user_attrs_ks_similarity,user_attrs_mean_f1_gap,user_attrs_mean_trtr_f1,user_attrs_mean_tstr_f1,user_attrs_mia_auc,user_attrs_nndr,user_attrs_nndr_norm,user_attrs_objective,user_attrs_privacy_risk,user_attrs_sdv_quality,user_attrs_utility,user_attrs_w_fidelity,user_attrs_w_privacy_risk,user_attrs_w_utility,state
0,0.16568379199850758,2026-09-08 13:18:56.732269,2026-09-08 13:19:08.796567,0 days 00:00:12.064298,50,"[256, 256, 256, 256]",175,2.6587543983272713e-06,32,50,0.5,1.5870522450592826,0.0,0.704375,0.90875,0.9761028444174511,0.9761028444174511,0.0,0.8119618055555556,0.9261851720173933,0.9261851720173933,0.16568379199850758,0.6281253511725599,,0.0238971555825489,0.4,0.2,0.4,COMPLETE
1,0.16821430134188117,2026-09-08 13:19:08.796978,2026-09-08 13:22:17.915471,0 days 00:03:09.118493,500,"[256, 256, 256, 256]",125,1.0677482709481361e-05,128,150,0.5,1.6441627033832442,0.0,0.710625,0.9212499999999999,0.9761028444174511,0.9761028444174511,0.0,0.8110416666666665,0.9251600962588049,0.9251600962588049,0.16821430134188117,0.6279728044556918,,0.0238971555825489,0.4,0.2,0.4,COMPLETE
2,0.17338211790715716,2026-09-08 13:22:17.915892,2026-09-08 13:22:35.351848,0 days 00:00:17.435956,100,"[128, 128, 128]",225,9.780337016659406e-06,32,150,0.5,1.6063685335109856,0.0,0.71625,0.9325,0.9761028444174511,0.9761028444174511,0.0,0.7835590277777778,0.9279859741985894,0.9279859741985894,0.17338211790715716,0.6133837216293121,,0.0238971555825489,0.4,0.2,0.4,COMPLETE
3,0.16936000429797213,2026-09-08 13:22:35.352285,2026-09-08 13:22:45.501432,0 days 00:00:10.149147,50,"[128, 128, 128]",100,6.97828126512603e-05,64,150,0.5,1.584237361634706,0.0,0.7206250000000001,0.94125,0.9761028444174511,0.9761028444174511,0.0,0.8380555555555556,0.9226116270084682,0.9226116270084682,0.16936000429797213,0.6422442896752374,,0.0238971555825489,0.4,0.2,0.4,COMPLETE
4,0.07772661750512977,2026-09-08 13:22:45.501662,2026-09-08 13:25:22.156336,0 days 00:02:36.654674,500,"[256, 256, 256, 256]",100,9.413993046829939e-05,128,150,0.5,1.5097435860754587,0.0,0.491875,0.48375,0.9761028444174511,0.9761028444174511,0.0,0.8311458333333334,0.9088723100907258,0.9088723100907258,0.07772661750512977,0.642911223639449,,0.0238971555825489,0.4,0.2,0.4,COMPLETE
5,0.1564596387965361,2026-09-08 13:25:22.156740,2026-09-08 13:27:14.821898,0 days 00:01:52.665158,500,"[128, 128, 128]",250,1.3400367243354813e-06,64,150,0.5,1.493817688696057,0.0,0.6893750000000001,0.87875,0.9761028444174511,0.9761028444174511,0.0,0.8377083333333335,0.9153601649474974,0.9153601649474974,0.1564596387965361,0.6442461171824175,,0.0238971555825489,0.4,0.2,0.4,COMPLETE
6,0.12480215618540533,2026-09-08 13:27:14.822561,2026-09-08 13:27:32.994075,0 days 00:00:18.171514,100,"[128, 128, 128]",150,7.1627869998973385e-06,64,50,0.5,1.538147663565061,0.0,0.609375,0.71875,0.9761028444174511,0.9761028444174511,0.0,0.8314409722222222,0.9106231862434664,0.9106231862434664,0.12480215618540533,0.6425335302380712,,0.0238971555825489,0.4,0.2,0.4,COMPLETE
7,0.09397244984280614,2026-09-08 13:27:32.994499,2026-09-08 13:30:03.589379,0 days 00:02:30.594880,500,"[512, 512, 512]",100,2.101079931010356e-06,128,150,0.5,1.5442566702301144,0.0,0.5362499999999999,0.5724999999999999,0.9761028444174511,0.9761028444174511,0.0,0.8554861111111112,0.924369978681629,0.924369978681629,0.09397244984280614,0.6504320619510668,,0.0238971555825489,0.4,0.2,0.4,COMPLETE
8,0.16823640650251115,2026-09-08 13:30:03.589916,2026-09-08 13:37:50.531422,0 days 00:07:46.941506,500,"[128, 128, 128]",300,7.1485107935129825e-06,128,150,0.5,1.5983851821196327,0.0,0.6956249999999999,0.89125,0.9761028444174511,0.9761028444174511,0.0,0.7448611111111111,0.9152275896767121,0.9152275896767121,0.16823640650251115,0.5978622786525419,,0.0238971555825489,0.4,0.2,0.4,COMPLETE
9,0.1577514493620246,2026-09-08 13:37:50.531937,2026-09-08 13:38:16.520725,0 days 00:00:25.988788,50,"[256, 256, 256, 256]",275,8.781408196485981e-05,64,50,0.5,1.6111107841531882,0.0,0.68625,0.8725,0.9761028444174511,0.9761028444174511,0.0,0.8197569444444446,0.9278046928908246,0.9278046928908246,0.1577514493620246,0.6315370643549749,,0.0238971555825489,0.4,0.2,0.4,COMPLETE
10,0.1708601046859906,2026-09-08 13:38:16.521671,2026-09-08 13:38:35.506640,0 days 00:00:18.984969,100,"[512, 512, 512]",200,2.401563902482253e-05,32,100,0.5,1.6239486126351386,0.0,0.70875,0.9175,0.9761028444174511,0.9761028444174511,0.0,0.7699305555555556,0.9132383001421096,0.9132383001421096,0.1708601046859906,0.6109937877351449,,0.0238971555825489,0.4,0.2,0.4,COMPLETE
11,0.14732587225302174,2026-09-08 13:38:35.507207,2026-09-08 13:38:54.422084,0 days 00:00:18.914877,100,"[512, 512, 512]",200,2.479201332659863e-05,32,100,0.5,1.6497955035001475,0.0,0.6499999999999999,0.7999999999999999,0.9761028444174511,0.9761028444174511,0.0,0.7738368055555556,0.9191781762592968,0.9191781762592968,0.14732587225302174,0.6111649498999887,,0.0238971555825489,0.4,0.2,0.4,COMPLETE
12,0.11766997999977943,2026-09-08 13:38:54.422367,2026-09-08 13:39:15.745180,0 days 00:00:21.322813,100,"[512, 512, 512]",225,2.4384260090418694e-05,32,100,0.5,1.5326126974091228,0.0,0.5900000000000001,0.68,0.9761028444174511,0.9761028444174511,0.0,0.83125,0.9206019627793308,0.9206019627793308,0.11766997999977943,0.6394444111662008,,0.0238971555825489,0.4,0.2,0.4,COMPLETE
13,0.18343723143864432,2026-09-08 13:39:15.745667,2026-09-08 13:39:34.094175,0 days 00:00:18.348508,100,"[512, 512, 512]",200,2.2575434418905864e-05,32,100,0.5,1.5607170985047703,0.0,0.7462500000000001,0.9925,0.9761028444174511,0.9761028444174511,0.0,0.7997916666666667,0.9226255978715237,0.9226255978715237,0.18343723143864432,0.6231081539718762,,0.0238971555825489,0.4,0.2,0.4,COMPLETE
14,0.10232838937406039,2026-09-08 13:39:34.094449,2026-09-08 13:39:51.206047,0 days 00:00:17.111598,100,"[128, 128, 128]",225,1.1837200211446668e-05,32,100,0.5,1.622387633509053,0.0,0.5475,0.595,0.9761028444174511,0.9761028444174511,0.0,0.8164236111111111,0.9235314708691993,0.9235314708691993,0.10232838937406039,0.6311523642947958,,0.0238971555825489,0.4,0.2,0.4,COMPLETE
15,0.1490523031569319,2026-09-08 13:39:51.206299,2026-09-08 13:40:07.585628,0 days 00:00:16.379329,100,"[512, 512, 512]",175,4.197405919228237e-05,32,100,0.5,1.6566475739930842,0.0,0.659375,0.81875,0.9761028444174511,0.9761028444174511,0.0,0.7935243055555555,0.9182645246577981,0.9182645246577981,0.1490523031569319,0.6212827953804383,,0.0238971555825489,0.4,0.2,0.4,COMPLETE
16,0.15724839407158997,2026-09-08 13:40:07.586502,2026-09-08 13:40:30.974953,0 days 00:00:23.388451,100,"[512, 512, 512]",250,3.962600450903751e-06,32,100,0.5,1.6121223462342047,0.0,0.688125,0.87625,0.9761028444174511,0.9761028444174511,0.0,0.8306076388888889,0.9250049287909887,0.9250049287909887,0.15724839407158997,0.6378023408071478,,0.0238971555825489,0.4,0.2,0.4,COMPLETE
17,0.17148420508737744,2026-09-08 13:40:30.975508,2026-09-08 13:40:46.193939,0 days 00:00:15.218431,100,"[128, 128, 128]",200,1.354122154716784e-05,32,150,0.5,1.5799513988832112,0.0,0.71125,0.9225000000000001,0.9761028444174511,0.9761028444174511,0.0,0.7768923611111112,0.9185763160911495,0.9185763160911495,0.17148420508737744,0.6128732857282106,,0.0238971555825489,0.4,0.2,0.4,COMPLETE
18,0.15171197463519911,2026-09-08 13:40:46.194353,2026-09-08 13:41:09.127618,0 days 00:00:22.933265,100,"[512, 512, 512]",250,5.629444076722564e-06,32,100,0.5,1.5548988529467134,0.0,0.67625,0.8525,0.9761028444174511,0.9761028444174511,0.0,0.8378298611111111,0.9239349752215111,0.9239349752215111,0.15171197463519911,0.6417344379891022,,0.0238971555825489,0.4,0.2,0.4,COMPLETE
19,0.15515871951052354,2026-09-08 13:41:09.128061,2026-09-08 13:41:20.834687,0 days 00:00:11.706626,100,"[128, 128, 128]",150,4.192425995734898e-05,32,50,0.5,1.6226156357746564,0.0,0.6799999999999999,0.86,0.9761028444174511,0.9761028444174511,0.0,0.8176388888888889,0.9227291027732156,0.9227291027732156,0.15515871951052354,0.6320007136124798,,0.0238971555825489,0.4,0.2,0.4,COMPLETE
