dataset,display,generator,generator_display,n_complete,n_pruned,n_fail,best_value,best_trial,study_pkl,params
metro_interstate,Metro Interstate,gaussian_copula,GaussianCopula,20,0,0,0.41443822935879804,2,True,"{""default_distribution"": ""gamma"", ""enforce_min_max_values"": false}"
metro_interstate,Metro Interstate,copulagan,CopulaGAN,20,0,0,0.6189599401374707,3,True,"{""epochs"": 200, ""batch_size"": 500, ""generator_lr"": 3.488976654890367e-05, ""discriminator_lr"": 0.00045443839603360173, ""generator_dim"": ""[256, 256, 256]"", ""discriminator_dim"": ""[256, 256]"", ""pac"": 1, ""default_distribution"": ""truncnorm""}"
metro_interstate,Metro Interstate,ctgan,CTGAN,20,0,0,0.6162554827531256,15,True,"{""epochs"": 850, ""batch_size"": 500, ""generator_lr"": 0.00048509235312728903, ""discriminator_lr"": 0.00010731289029521516, ""generator_dim"": ""[256, 256]"", ""discriminator_dim"": ""[512, 512]"", ""discriminator_steps"": 5, ""pac"": 5}"
metro_interstate,Metro Interstate,tvae,TVAE,20,0,0,0.652519274879645,15,True,"{""epochs"": 750, ""batch_size"": 200, ""embedding_dim"": 64, ""compress_dims"": ""[128, 128]"", ""decompress_dims"": ""[256, 256]"", ""l2scale"": 0.00020829075544011324, ""loss_factor"": 10}"
metro_interstate,Metro Interstate,ctabgan,CTAB-GAN+,20,0,0,0.5460520439938794,7,True,"{""epochs"": 100, ""batch_size"": 500, ""random_dim"": 150, ""num_channels"": 128, ""class_dim"": ""[512, 512, 512]"", ""l2scale"": 2.101079931010356e-06}"
metro_interstate,Metro Interstate,wgan_gp,WGAN-GP,20,0,0,0.6013200600454316,19,True,"{""epochs"": 1700, ""batch_size"": 256, ""latent_dim"": 32, ""hidden_dim"": 64, ""lr"": 0.0002652311119195149, ""n_critic"": 10, ""lambda_gp"": 7.086454969900416}"
online_shopping,Online Shopping,gaussian_copula,GaussianCopula,20,0,0,0.34238162244683173,5,True,"{""default_distribution"": ""beta"", ""enforce_min_max_values"": false}"
online_shopping,Online Shopping,copulagan,CopulaGAN,20,0,0,0.5392218648806477,18,True,"{""epochs"": 700, ""batch_size"": 200, ""generator_lr"": 0.00017164965915372497, ""discriminator_lr"": 0.00023792910942041124, ""generator_dim"": ""[256, 256, 256]"", ""discriminator_dim"": ""[256, 256]"", ""pac"": 1, ""default_distribution"": ""gamma""}"
online_shopping,Online Shopping,ctgan,CTGAN,20,0,0,0.5657453724325993,15,True,"{""epochs"": 850, ""batch_size"": 200, ""generator_lr"": 0.00010843773965239019, ""discriminator_lr"": 0.00035867677104470605, ""generator_dim"": ""[256, 256, 256]"", ""discriminator_dim"": ""[512, 512]"", ""discriminator_steps"": 4, ""pac"": 1}"
online_shopping,Online Shopping,tvae,TVAE,20,0,0,0.623685610117338,19,True,"{""epochs"": 700, ""batch_size"": 500, ""embedding_dim"": 256, ""compress_dims"": ""[64, 64]"", ""decompress_dims"": ""[64, 64]"", ""l2scale"": 8.482859848614704e-05, ""loss_factor"": 10}"
online_shopping,Online Shopping,ctabgan,CTAB-GAN+,20,0,0,0.18343723143864432,13,True,"{""epochs"": 200, ""batch_size"": 100, ""random_dim"": 100, ""num_channels"": 32, ""class_dim"": ""[512, 512, 512]"", ""l2scale"": 2.2575434418905864e-05}"
online_shopping,Online Shopping,wgan_gp,WGAN-GP,20,0,0,0.5837761885578546,15,True,"{""epochs"": 1000, ""batch_size"": 64, ""latent_dim"": 32, ""hidden_dim"": 256, ""lr"": 0.0004922695681401978, ""n_critic"": 8, ""lambda_gp"": 6.817317851345319}"
air_quality,Air Quality,gaussian_copula,GaussianCopula,20,0,0,0.6091088998099426,4,True,"{""default_distribution"": ""norm"", ""enforce_min_max_values"": false}"
air_quality,Air Quality,copulagan,CopulaGAN,20,0,0,0.5971259195947808,16,True,"{""epochs"": 700, ""batch_size"": 200, ""generator_lr"": 3.287426618654979e-05, ""discriminator_lr"": 0.0005109740863606324, ""generator_dim"": ""[256, 256, 256]"", ""discriminator_dim"": ""[128, 128]"", ""pac"": 1, ""default_distribution"": ""truncnorm""}"
air_quality,Air Quality,ctgan,CTGAN,20,0,0,0.609483274225159,16,True,"{""epochs"": 850, ""batch_size"": 200, ""generator_lr"": 0.00012438461452769168, ""discriminator_lr"": 0.0004386850859049654, ""generator_dim"": ""[256, 256]"", ""discriminator_dim"": ""[512, 512]"", ""discriminator_steps"": 2, ""pac"": 10}"
air_quality,Air Quality,tvae,TVAE,20,0,0,0.6318900885633514,18,True,"{""epochs"": 850, ""batch_size"": 1000, ""embedding_dim"": 32, ""compress_dims"": ""[128, 128, 128]"", ""decompress_dims"": ""[128, 128]"", ""l2scale"": 3.0522383464511917e-06, ""loss_factor"": 2}"
air_quality,Air Quality,ctabgan,CTAB-GAN+,20,0,0,0.5570450910629234,10,True,"{""epochs"": 200, ""batch_size"": 500, ""random_dim"": 100, ""num_channels"": 128, ""class_dim"": ""[512, 512, 512]"", ""l2scale"": 2.401563902482253e-05}"
air_quality,Air Quality,wgan_gp,WGAN-GP,20,0,0,0.6265670972322265,14,True,"{""epochs"": 1700, ""batch_size"": 128, ""latent_dim"": 32, ""hidden_dim"": 256, ""lr"": 0.00011466158058933707, ""n_critic"": 8, ""lambda_gp"": 1.5894651519828935}"
concrete,Concrete,gaussian_copula,GaussianCopula,20,0,0,0.6199365640729244,10,True,"{""default_distribution"": ""norm"", ""enforce_min_max_values"": true}"
concrete,Concrete,copulagan,CopulaGAN,20,0,0,0.619476288680077,18,True,"{""epochs"": 700, ""batch_size"": 200, ""generator_lr"": 0.00013767614135896798, ""discriminator_lr"": 0.0003747068925665674, ""generator_dim"": ""[256, 256, 256]"", ""discriminator_dim"": ""[256, 256]"", ""pac"": 1, ""default_distribution"": ""gamma""}"
concrete,Concrete,ctgan,CTGAN,20,0,0,0.6147205854229565,15,True,"{""epochs"": 900, ""batch_size"": 100, ""generator_lr"": 2.9948503012587487e-05, ""discriminator_lr"": 0.0003801293272819374, ""generator_dim"": ""[256, 256, 256]"", ""discriminator_dim"": ""[512, 512]"", ""discriminator_steps"": 4, ""pac"": 1}"
concrete,Concrete,tvae,TVAE,20,0,0,0.6104440437833495,2,True,"{""epochs"": 300, ""batch_size"": 100, ""embedding_dim"": 64, ""compress_dims"": ""[256, 256]"", ""decompress_dims"": ""[128, 128, 128]"", ""l2scale"": 6.516990611177181e-06, ""loss_factor"": 1}"
concrete,Concrete,ctabgan,CTAB-GAN+,20,0,0,0.573929304808494,10,True,"{""epochs"": 200, ""batch_size"": 500, ""random_dim"": 100, ""num_channels"": 128, ""class_dim"": ""[512, 512, 512]"", ""l2scale"": 2.401563902482253e-05}"
concrete,Concrete,wgan_gp,WGAN-GP,20,0,0,0.6173146354220536,11,True,"{""epochs"": 800, ""batch_size"": 64, ""latent_dim"": 128, ""hidden_dim"": 256, ""lr"": 0.0004044849285259279, ""n_critic"": 9, ""lambda_gp"": 5.9556928202275055}"
energy_efficiency,Energy Efficiency,gaussian_copula,GaussianCopula,20,0,0,0.616940780427084,4,True,"{""default_distribution"": ""norm"", ""enforce_min_max_values"": false}"
energy_efficiency,Energy Efficiency,copulagan,CopulaGAN,20,0,0,0.5976561625469576,18,True,"{""epochs"": 500, ""batch_size"": 100, ""generator_lr"": 0.0002368657480645031, ""discriminator_lr"": 8.273299061337369e-05, ""generator_dim"": ""[256, 256]"", ""discriminator_dim"": ""[256, 256, 256]"", ""pac"": 5, ""default_distribution"": ""gamma""}"
energy_efficiency,Energy Efficiency,ctgan,CTGAN,20,0,0,0.6219951885288841,13,True,"{""epochs"": 600, ""batch_size"": 200, ""generator_lr"": 9.901664132031761e-05, ""discriminator_lr"": 0.0004377049605284554, ""generator_dim"": ""[256, 256, 256]"", ""discriminator_dim"": ""[512, 512]"", ""discriminator_steps"": 4, ""pac"": 1}"
energy_efficiency,Energy Efficiency,tvae,TVAE,20,0,0,0.6100317042101429,15,True,"{""epochs"": 700, ""batch_size"": 100, ""embedding_dim"": 128, ""compress_dims"": ""[128, 128, 128]"", ""decompress_dims"": ""[256, 256]"", ""l2scale"": 2.2530356763988065e-05, ""loss_factor"": 5}"
energy_efficiency,Energy Efficiency,ctabgan,CTAB-GAN+,20,0,0,0.5682430169105055,12,True,"{""epochs"": 300, ""batch_size"": 500, ""random_dim"": 100, ""num_channels"": 128, ""class_dim"": ""[512, 512, 512]"", ""l2scale"": 2.5420238250453333e-05}"
energy_efficiency,Energy Efficiency,wgan_gp,WGAN-GP,20,0,0,0.5976581497124598,16,True,"{""epochs"": 900, ""batch_size"": 64, ""latent_dim"": 128, ""hidden_dim"": 128, ""lr"": 0.00013314588368132713, ""n_critic"": 9, ""lambda_gp"": 12.994723058775767}"
real_estate,Real Estate,gaussian_copula,GaussianCopula,20,0,0,0.5315075120576751,2,True,"{""default_distribution"": ""gamma"", ""enforce_min_max_values"": false}"
real_estate,Real Estate,copulagan,CopulaGAN,20,0,0,0.5253907396415816,13,True,"{""epochs"": 700, ""batch_size"": 200, ""generator_lr"": 0.00022619360113393795, ""discriminator_lr"": 0.0009818226878189125, ""generator_dim"": ""[256, 256, 256]"", ""discriminator_dim"": ""[256, 256]"", ""pac"": 5, ""default_distribution"": ""gamma""}"
real_estate,Real Estate,ctgan,CTGAN,20,0,0,0.5476948131410004,19,True,"{""epochs"": 900, ""batch_size"": 1000, ""generator_lr"": 0.00012622311438484165, ""discriminator_lr"": 9.553448285882847e-05, ""generator_dim"": ""[128, 128]"", ""discriminator_dim"": ""[256, 256]"", ""discriminator_steps"": 5, ""pac"": 10}"
real_estate,Real Estate,tvae,TVAE,20,0,0,0.5494570818381801,0,True,"{""epochs"": 450, ""batch_size"": 100, ""embedding_dim"": 128, ""compress_dims"": ""[256, 256]"", ""decompress_dims"": ""[128, 128, 128]"", ""l2scale"": 3.752055855124284e-05, ""loss_factor"": 5}"
real_estate,Real Estate,ctabgan,CTAB-GAN+,20,0,0,0.6129782462759752,8,True,"{""epochs"": 300, ""batch_size"": 500, ""random_dim"": 150, ""num_channels"": 128, ""class_dim"": ""[128, 128, 128]"", ""l2scale"": 7.1485107935129825e-06}"
real_estate,Real Estate,wgan_gp,WGAN-GP,20,0,0,0.6485462733108974,13,True,"{""epochs"": 1000, ""batch_size"": 32, ""latent_dim"": 32, ""hidden_dim"": 128, ""lr"": 0.00048787049316699656, ""n_critic"": 8, ""lambda_gp"": 5.315641221366691}"
