number,value,datetime_start,datetime_complete,duration,params_batch_size,params_d_layers,params_lr,params_n_layers,params_num_timesteps,params_sample_proportion,params_steps,user_attrs_corr_similarity,user_attrs_dcr,user_attrs_dcr_norm,user_attrs_fidelity,user_attrs_ks_similarity,user_attrs_mean_f1_gap,user_attrs_mean_trtr_f1,user_attrs_mean_tstr_f1,user_attrs_mia_auc,user_attrs_nndr,user_attrs_nndr_norm,user_attrs_objective,user_attrs_privacy_risk,user_attrs_sdv_quality,user_attrs_utility,user_attrs_w_fidelity,user_attrs_w_privacy_risk,user_attrs_w_utility,state
0,0.3741333776045164,2026-09-24 13:31:24.751589,2026-09-24 13:32:21.861454,0 days 00:00:57.109865,256,128,8.468008575248323e-05,2,100,1.0,5000,0.8316352096559803,9.715190374235615,0.0,0.7419573107103431,0.6522794117647059,0.4491508993588298,0.775598348012141,0.3264474486533113,1.0,0.9501802177318517,0.9501802177318517,0.3741333776045164,0.7149459346804445,,0.5508491006411702,0.4,0.2,0.4,COMPLETE
1,0.5199521251734387,2026-09-24 13:32:21.861718,2026-09-24 13:34:12.798144,0 days 00:01:50.936426,256,128,0.002526878207508455,2,1000,1.0,10000,0.9068034860490634,9.409208523418743,0.0,0.7584017430245317,0.61,0.10318436662894166,0.775598348012141,0.6724139813831994,1.0,0.964419576920044,0.964419576920044,0.5199521251734387,0.7106741269239869,,0.8968156333710583,0.4,0.2,0.4,COMPLETE
2,0.46894482559892714,2026-09-24 13:34:12.798441,2026-09-24 13:36:52.082006,0 days 00:02:39.283565,1024,128,5.292705365436973e-05,4,100,1.0,10000,0.8867444443769431,10.485743587965231,0.0,0.7702839868943538,0.6538235294117647,0.24212664423596322,0.775598348012141,0.5334717037761778,1.0,0.9613648089261806,0.9613648089261806,0.46894482559892714,0.7115905573221459,,0.7578733557640368,0.4,0.2,0.4,COMPLETE
3,0.3237176747589068,2026-09-24 13:36:52.082322,2026-09-24 13:38:07.634940,0 days 00:01:15.552618,256,256,0.0022413234378101127,4,100,1.0,5000,0.8521732232158101,10.608108860556978,0.0,0.7272630821961403,0.6023529411764706,0.5618522651113419,0.775598348012141,0.21374608290079922,1.0,0.9592224654164572,0.9592224654164572,0.3237176747589068,0.712233260375063,,0.4381477348886581,0.4,0.2,0.4,COMPLETE
4,0.3746970500460467,2026-09-24 13:38:07.635242,2026-09-24 13:40:33.115237,0 days 00:02:25.479995,256,128,4.375517173207357e-05,4,1000,1.0,10000,0.8935099311829179,10.238689713759413,0.0,0.7688137891208706,0.6441176470588235,0.47530498472781346,0.775598348012141,0.3002933632843277,1.0,0.9548921381470634,0.9548921381470634,0.3746970500460467,0.713532358555881,,0.5246950152721865,0.4,0.2,0.4,COMPLETE
5,0.37878400585643,2026-09-24 13:40:33.146188,2026-09-24 13:42:05.828344,0 days 00:01:32.682156,1024,256,0.0019212959255386383,2,1000,1.0,5000,0.8614434703091582,9.7224847979362,0.0,0.7374496763310497,0.6134558823529412,0.4360530927705655,0.775598348012141,0.33954525524157564,0.9968229166666667,0.9651277349817161,0.9651277349817161,0.37878400585643,0.7088731378388184,,0.5639469072294345,0.4,0.2,0.4,COMPLETE
6,0.45665022375467357,2026-09-24 13:42:05.828594,2026-09-24 13:43:24.327920,0 days 00:01:18.499326,256,256,2.2340165853190065e-05,2,100,1.0,5000,0.8698113493689323,10.260815349663664,0.0,0.7575159688021132,0.6452205882352942,0.2600573167848354,0.775598348012141,0.5155410312273058,1.0,0.9611127157960406,0.9611127157960406,0.45665022375467357,0.7116661852611879,,0.7399426832151645,0.4,0.2,0.4,COMPLETE
7,0.5062138409677072,2026-09-24 13:43:24.328260,2026-09-24 13:44:29.537984,0 days 00:01:05.209724,256,128,1.5255188579331379e-05,4,100,1.0,5000,0.9089693377636773,10.55521690000668,0.0,0.7764699629994857,0.6439705882352941,0.1548230737745686,0.775598348012141,0.6207752742375725,1.0,0.9592514212956715,0.9592514212956715,0.5062138409677072,0.7122245736112987,,0.8451769262254314,0.4,0.2,0.4,COMPLETE
8,0.28742327416452607,2026-09-24 13:44:29.566354,2026-09-24 13:47:11.097546,0 days 00:02:41.531192,256,128,0.0015766436357943082,4,1000,1.0,10000,0.8135215758616258,10.956946454583605,0.0,0.7068710820484599,0.6002205882352941,0.6334770115793046,0.775598348012141,0.1421213364328365,1.0,0.967760766281065,0.967760766281065,0.28742327416452607,0.7096717701156805,,0.3665229884206954,0.4,0.2,0.4,COMPLETE
9,0.4582429954238745,2026-09-24 13:47:11.097784,2026-09-24 13:48:52.705130,0 days 00:01:41.607346,1024,128,1.8503766823590136e-05,4,1000,1.0,5000,0.8986543884616323,10.264636720563793,0.0,0.7720845471719926,0.6455147058823529,0.2702284692820605,0.775598348012141,0.5053698787300805,1.0,0.9583427377983593,0.9583427377983593,0.4582429954238745,0.7124971786604921,,0.7297715307179395,0.4,0.2,0.4,COMPLETE
