dataset,generator,status,best_value,elapsed_sec,n_trials,objective,fidelity,utility,privacy_risk,ks_similarity,corr_similarity,mia_auc,nndr,dcr,mean_f1_gap,mean_tstr_f1,mean_trtr_f1,run_dir,error
cancer,ctabgan,failed,,0.6432626415044069,0,,,,,,,,,,,,,/home/gopi.battineni/SYNTH_BENCHMARK/hyper parameter tuning/results/cancer/ctabgan,ValueError: No trials are completed yet.
cancer,wgan_gp,completed,0.30640814052358406,1526.050973421894,50,0.3056794386976383,0.9486845997247979,0.06035187336000358,0.4896757526814115,0.9378943637008154,0.9594748357487803,0.536711034778875,0.9289325490267535,2.055624965673509,0.9396481266399964,0.0,0.9396481266399964,/home/gopi.battineni/SYNTH_BENCHMARK/hyper parameter tuning/results/cancer/wgan_gp,
cancer,gaussian_copula,completed,0.5069075196006584,30.022657382301986,20,0.5069075196006584,0.918674767599984,0.6821692372826306,0.6671504117619371,0.9097483161999292,0.9276012190000389,0.9007084585659081,0.9440127250700562,2.4887677092167233,0.31783076271736943,0.6218173639226271,0.9396481266399964,/home/gopi.battineni/Hyperparameter_tuning_synth/results/cancer/gaussian_copula,
cancer,copulagan,failed,,612.6808224236593,0,,,,,,,,,,,,,/home/gopi.battineni/Hyperparameter_tuning_synth/results/cancer/copulagan,"TypeError: empty() received an invalid combination of arguments - got (tuple, dtype=NoneType, device=NoneType), but expected one of:
 * (tuple of ints size, *, tuple of names names, torch.memory_format memory_format = None, torch.dtype dtype = None, torch.layout layout = None, torch.device device = None, bool pin_memory = False, bool requires_grad = False)
 * (tuple of ints size, *, torch.memory_format memory_format = None, Tensor out = None, torch.dtype dtype = None, torch.layout layout = None, torch.device device = None, bool pin_memory = False, bool requires_grad = False)
"
cancer,gaussian_copula,skipped_resume,,0.0,,0.5069075196006584,0.918674767599984,0.6821692372826306,0.6671504117619371,,,,,,0.31783076271736943,,,/home/gopi.battineni/Hyperparameter_tuning_synth/results/cancer/gaussian_copula,
cancer,copulagan,completed,0.5975831039200459,1034.7464935416356,20,0.5830775128373217,0.8289587114284165,0.9785321699102548,0.6995941984907346,0.8091456930166608,0.8487717298401721,0.9744525547445255,0.9587735962717605,3.121063529969676,0.021467830089745215,0.9181802965502514,0.9396481266399964,/home/gopi.battineni/Hyperparameter_tuning_synth/results/cancer/copulagan,
cancer,ctgan,completed,0.6348998833101148,2471.5153182642534,20,0.6310203327406309,0.9057121050621972,1.0,0.6563225464212401,0.9047855370436017,0.9066386730807927,0.8899205667668527,0.9621257898739544,3.3788478224571663,-0.008247075008516846,0.9478952016485134,0.9396481266399964,/home/gopi.battineni/Hyperparameter_tuning_synth/results/cancer/ctgan,
cancer,ctabgan,failed,,0.25570480804890394,0,,,,,,,,,,,,,/home/gopi.battineni/Hyperparameter_tuning_synth/results/cancer/ctabgan,ValueError: No trials are completed yet.
cancer,gaussian_copula,skipped_resume,,0.0,,0.5069075196006584,0.918674767599984,0.6821692372826306,0.6671504117619371,,,,,,0.31783076271736943,,,/home/gopi.battineni/Hyperparameter_tuning_synth/results/cancer/gaussian_copula,
cancer,copulagan,skipped_resume,,0.0,,0.5830775128373217,0.8289587114284165,0.9785321699102548,0.6995941984907346,,,,,,0.021467830089745215,,,/home/gopi.battineni/Hyperparameter_tuning_synth/results/cancer/copulagan,
cancer,ctgan,skipped_resume,,0.0,,0.6310203327406309,0.9057121050621972,1.0,0.6563225464212401,,,,,,-0.008247075008516846,,,/home/gopi.battineni/Hyperparameter_tuning_synth/results/cancer/ctgan,
cancer,gaussian_copula,skipped_resume,,0.0,,0.5069075196006584,0.918674767599984,0.6821692372826306,0.6671504117619371,,,,,,0.31783076271736943,,,/home/gopi.battineni/Hyperparameter_tuning_synth/results/cancer/gaussian_copula,
cancer,copulagan,skipped_resume,,0.0,,0.5830775128373217,0.8289587114284165,0.9785321699102548,0.6995941984907346,,,,,,0.021467830089745215,,,/home/gopi.battineni/Hyperparameter_tuning_synth/results/cancer/copulagan,
cancer,ctgan,skipped_resume,,0.0,,0.6310203327406309,0.9057121050621972,1.0,0.6563225464212401,,,,,,-0.008247075008516846,,,/home/gopi.battineni/Hyperparameter_tuning_synth/results/cancer/ctgan,
cancer,ctabgan,completed,0.5508837886413231,2705.4058652771637,20,0.5210712648404663,0.8132718951837571,0.84354929609231,0.7082860583498032,0.7885714285714287,0.8379723617960855,0.9999463288965221,0.9722903536615265,3.974002246978619,0.15645070390769003,0.7831974227323064,0.9396481266399964,/home/gopi.battineni/Hyperparameter_tuning_synth/results/cancer/ctabgan,
cancer,tvae,completed,0.6531851972959526,1250.5355845950544,20,0.6399106000364164,0.9202923904660297,0.9778415852941598,0.596714951338297,0.92612548741581,0.9144592935162494,0.7609489051094891,0.9458650040548253,2.4336574162057567,0.022158414705840197,0.9174897119341563,0.9396481266399964,/home/gopi.battineni/Hyperparameter_tuning_synth/results/cancer/tvae,
cancer,wgan_gp,skipped_resume,,0.0,,0.3056794386976383,0.9486845997247979,0.06035187336000358,0.4896757526814115,,,,,,0.9396481266399964,,,/home/gopi.battineni/Hyperparameter_tuning_synth/results/cancer/wgan_gp,
cancer,forest_diffusion,completed,0.3174015046180153,12256.501432771794,20,0.3174015046180153,0.9527061342946239,0.06035187336000358,0.4391084922191786,0.9403048564338887,0.965107412155359,0.4325890940317733,0.923953515989027,1.977008659345512,0.9396481266399964,0.0,0.9396481266399964,/home/gopi.battineni/Hyperparameter_tuning_synth/results/cancer/forest_diffusion,
adult,gaussian_copula,completed,0.3885015509922306,387.4453176036477,20,0.3885015509922306,0.8721990050341094,0.44890682429077977,0.6997039036886252,0.7746753067260571,0.9697227033421617,0.9865194444444444,0.9785193951119898,2.0660106914325325,0.5510931757092202,0.09524749844467943,0.6463406741538997,/home/gopi.battineni/Hyperparameter_tuning_synth/results/adult/gaussian_copula,
cancer,gaussian_copula,skipped_resume,,0.0,,0.5069075196006584,0.918674767599984,0.6821692372826306,0.6671504117619371,,,,,,0.31783076271736943,,,/home/gopi.battineni/Hyperparameter_tuning_synth/results/cancer/gaussian_copula,
cancer,copulagan,skipped_resume,,0.0,,0.5830775128373217,0.8289587114284165,0.9785321699102548,0.6995941984907346,,,,,,0.021467830089745215,,,/home/gopi.battineni/Hyperparameter_tuning_synth/results/cancer/copulagan,
cancer,ctgan,skipped_resume,,0.0,,0.6310203327406309,0.9057121050621972,1.0,0.6563225464212401,,,,,,-0.008247075008516846,,,/home/gopi.battineni/Hyperparameter_tuning_synth/results/cancer/ctgan,
cancer,ctabgan,skipped_resume,,0.0,,0.5210712648404663,0.8132718951837571,0.84354929609231,0.7082860583498032,,,,,,0.15645070390769003,,,/home/gopi.battineni/Hyperparameter_tuning_synth/results/cancer/ctabgan,
cancer,tvae,skipped_resume,,0.0,,0.6399106000364164,0.9202923904660297,0.9778415852941598,0.596714951338297,,,,,,0.022158414705840197,,,/home/gopi.battineni/Hyperparameter_tuning_synth/results/cancer/tvae,
cancer,wgan_gp,skipped_resume,,0.0,,0.3056794386976383,0.9486845997247979,0.06035187336000358,0.4896757526814115,,,,,,0.9396481266399964,,,/home/gopi.battineni/Hyperparameter_tuning_synth/results/cancer/wgan_gp,
cancer,forest_diffusion,skipped_resume,,0.0,,0.3174015046180153,0.9527061342946239,0.06035187336000358,0.4391084922191786,,,,,,0.9396481266399964,,,/home/gopi.battineni/Hyperparameter_tuning_synth/results/cancer/forest_diffusion,
adult,gaussian_copula,skipped_resume,,0.0,,0.3885015509922306,0.8721990050341094,0.44890682429077977,0.6997039036886252,,,,,,0.5510931757092202,,,/home/gopi.battineni/Hyperparameter_tuning_synth/results/adult/gaussian_copula,
adult,copulagan,completed,0.6730635727005707,42241.307770785876,20,0.6708188596062057,0.9623763978674558,1.0,0.5706584977038831,0.9503867887647638,0.9743660069701479,0.6917416666666666,0.9173744520981673,1.420634713608416,-0.014724438456675482,0.6610651126105752,0.6463406741538997,/home/gopi.battineni/Hyperparameter_tuning_synth/results/adult/copulagan,
cancer,gaussian_copula,skipped_resume,,0.0,,0.5069075196006584,0.918674767599984,0.6821692372826306,0.6671504117619371,,,,,,0.31783076271736943,,,/home/gopi.battineni/Hyperparameter_tuning_synth/results/cancer/gaussian_copula,
cancer,copulagan,skipped_resume,,0.0,,0.5830775128373217,0.8289587114284165,0.9785321699102548,0.6995941984907346,,,,,,0.021467830089745215,,,/home/gopi.battineni/Hyperparameter_tuning_synth/results/cancer/copulagan,
cancer,ctgan,skipped_resume,,0.0,,0.6310203327406309,0.9057121050621972,1.0,0.6563225464212401,,,,,,-0.008247075008516846,,,/home/gopi.battineni/Hyperparameter_tuning_synth/results/cancer/ctgan,
cancer,ctabgan,skipped_resume,,0.0,,0.5210712648404663,0.8132718951837571,0.84354929609231,0.7082860583498032,,,,,,0.15645070390769003,,,/home/gopi.battineni/Hyperparameter_tuning_synth/results/cancer/ctabgan,
cancer,tvae,skipped_resume,,0.0,,0.6399106000364164,0.9202923904660297,0.9778415852941598,0.596714951338297,,,,,,0.022158414705840197,,,/home/gopi.battineni/Hyperparameter_tuning_synth/results/cancer/tvae,
cancer,wgan_gp,skipped_resume,,0.0,,0.3056794386976383,0.9486845997247979,0.06035187336000358,0.4896757526814115,,,,,,0.9396481266399964,,,/home/gopi.battineni/Hyperparameter_tuning_synth/results/cancer/wgan_gp,
cancer,forest_diffusion,skipped_resume,,0.0,,0.3174015046180153,0.9527061342946239,0.06035187336000358,0.4391084922191786,,,,,,0.9396481266399964,,,/home/gopi.battineni/Hyperparameter_tuning_synth/results/cancer/forest_diffusion,
adult,gaussian_copula,skipped_resume,,0.0,,0.3885015509922306,0.8721990050341094,0.44890682429077977,0.6997039036886252,,,,,,0.5510931757092202,,,/home/gopi.battineni/Hyperparameter_tuning_synth/results/adult/gaussian_copula,
adult,copulagan,skipped_resume,,0.0,,0.6708188596062057,0.9623763978674558,1.0,0.5706584977038831,,,,,,-0.014724438456675482,,,/home/gopi.battineni/Hyperparameter_tuning_synth/results/adult/copulagan,
cancer,ctgan,skipped_resume,,0.0,,0.6310203327406309,0.9057121050621972,1.0,0.6563225464212401,,,,,,-0.008247075008516846,,,/home/gopi.battineni/Hyperparameter_tuning_synth/results/cancer/ctgan,
cancer,gaussian_copula,skipped_resume,,0.0,,0.5069075196006584,0.918674767599984,0.6821692372826306,0.6671504117619371,,,,,,0.31783076271736943,,,/home/gopi.battineni/Hyperparameter_tuning_synth/results/cancer/gaussian_copula,
cancer,copulagan,skipped_resume,,0.0,,0.5830775128373217,0.8289587114284165,0.9785321699102548,0.6995941984907346,,,,,,0.021467830089745215,,,/home/gopi.battineni/Hyperparameter_tuning_synth/results/cancer/copulagan,
cancer,ctgan,skipped_resume,,0.0,,0.6310203327406309,0.9057121050621972,1.0,0.6563225464212401,,,,,,-0.008247075008516846,,,/home/gopi.battineni/Hyperparameter_tuning_synth/results/cancer/ctgan,
cancer,ctabgan,skipped_resume,,0.0,,0.5210712648404663,0.8132718951837571,0.84354929609231,0.7082860583498032,,,,,,0.15645070390769003,,,/home/gopi.battineni/Hyperparameter_tuning_synth/results/cancer/ctabgan,
cancer,tvae,skipped_resume,,0.0,,0.6399106000364164,0.9202923904660297,0.9778415852941598,0.596714951338297,,,,,,0.022158414705840197,,,/home/gopi.battineni/Hyperparameter_tuning_synth/results/cancer/tvae,
cancer,wgan_gp,skipped_resume,,0.0,,0.3056794386976383,0.9486845997247979,0.06035187336000358,0.4896757526814115,,,,,,0.9396481266399964,,,/home/gopi.battineni/Hyperparameter_tuning_synth/results/cancer/wgan_gp,
cancer,forest_diffusion,skipped_resume,,0.0,,0.3174015046180153,0.9527061342946239,0.06035187336000358,0.4391084922191786,,,,,,0.9396481266399964,,,/home/gopi.battineni/Hyperparameter_tuning_synth/results/cancer/forest_diffusion,
adult,gaussian_copula,skipped_resume,,0.0,,0.3885015509922306,0.8721990050341094,0.44890682429077977,0.6997039036886252,,,,,,0.5510931757092202,,,/home/gopi.battineni/Hyperparameter_tuning_synth/results/adult/gaussian_copula,
adult,copulagan,skipped_resume,,0.0,,0.6708188596062057,0.9623763978674558,1.0,0.5706584977038831,,,,,,-0.014724438456675482,,,/home/gopi.battineni/Hyperparameter_tuning_synth/results/adult/copulagan,
cancer,gaussian_copula,skipped_resume,,0.0,,0.5069075196006584,0.918674767599984,0.6821692372826306,0.6671504117619371,,,,,,0.31783076271736943,,,/home/gopi.battineni/Hyperparameter_tuning_synth/results/cancer/gaussian_copula,
cancer,copulagan,skipped_resume,,0.0,,0.5830775128373217,0.8289587114284165,0.9785321699102548,0.6995941984907346,,,,,,0.021467830089745215,,,/home/gopi.battineni/Hyperparameter_tuning_synth/results/cancer/copulagan,
cancer,ctgan,skipped_resume,,0.0,,0.6310203327406309,0.9057121050621972,1.0,0.6563225464212401,,,,,,-0.008247075008516846,,,/home/gopi.battineni/Hyperparameter_tuning_synth/results/cancer/ctgan,
cancer,ctabgan,skipped_resume,,0.0,,0.5210712648404663,0.8132718951837571,0.84354929609231,0.7082860583498032,,,,,,0.15645070390769003,,,/home/gopi.battineni/Hyperparameter_tuning_synth/results/cancer/ctabgan,
cancer,tvae,skipped_resume,,0.0,,0.6399106000364164,0.9202923904660297,0.9778415852941598,0.596714951338297,,,,,,0.022158414705840197,,,/home/gopi.battineni/Hyperparameter_tuning_synth/results/cancer/tvae,
cancer,wgan_gp,skipped_resume,,0.0,,0.3056794386976383,0.9486845997247979,0.06035187336000358,0.4896757526814115,,,,,,0.9396481266399964,,,/home/gopi.battineni/Hyperparameter_tuning_synth/results/cancer/wgan_gp,
cancer,forest_diffusion,skipped_resume,,0.0,,0.3174015046180153,0.9527061342946239,0.06035187336000358,0.4391084922191786,,,,,,0.9396481266399964,,,/home/gopi.battineni/Hyperparameter_tuning_synth/results/cancer/forest_diffusion,
adult,gaussian_copula,skipped_resume,,0.0,,0.3885015509922306,0.8721990050341094,0.44890682429077977,0.6997039036886252,,,,,,0.5510931757092202,,,/home/gopi.battineni/Hyperparameter_tuning_synth/results/adult/gaussian_copula,
adult,copulagan,skipped_resume,,0.0,,0.6708188596062057,0.9623763978674558,1.0,0.5706584977038831,,,,,,-0.014724438456675482,,,/home/gopi.battineni/Hyperparameter_tuning_synth/results/adult/copulagan,
alzheimers,gaussian_copula,completed,0.5937711124539753,19.221541384235024,20,0.5937711124539753,0.87604639338536,0.9633043181430279,0.7098458607868994,0.8602634115001604,0.8918293752705594,0.9727335640138408,0.9217364040667367,1.745597209868782,0.036695681856972175,0.9044205495818399,0.9411162314388121,/home/gopi.battineni/Hyperparameter_tuning_synth/results/alzheimers/gaussian_copula,
alzheimers,copulagan,completed,0.5685300211535939,611.2480651177466,20,0.4891213659800536,0.833155949569298,0.732747916109546,0.6862009014574206,0.8451654352714424,0.8211464638671535,0.9403460207612457,0.9465736964106743,2.485679339544062,0.26725208389045396,0.673864147548358,0.9411162314388121,/home/gopi.battineni/Hyperparameter_tuning_synth/results/alzheimers/copulagan,
alzheimers,ctgan,completed,0.6277638991111014,1673.9669759813696,20,0.5918159752696012,0.8836578204888208,0.94790909519015,0.7040539550099361,0.8236427883070992,0.9436728526705424,0.9516955017301038,0.9059793195170529,1.6081416770099357,0.05209090480984998,0.8890253266289619,0.9411162314388121,/home/gopi.battineni/Hyperparameter_tuning_synth/results/alzheimers/ctgan,
alzheimers,gaussian_copula,skipped_resume,,0.0,,0.5937711124539753,0.87604639338536,0.9633043181430279,0.7098458607868994,,,,,,0.036695681856972175,,,/home/gopi.battineni/Hyperparameter_tuning_synth/results/alzheimers/gaussian_copula,
alzheimers,copulagan,skipped_resume,,0.0,,0.4891213659800536,0.833155949569298,0.732747916109546,0.6862009014574206,,,,,,0.26725208389045396,,,/home/gopi.battineni/Hyperparameter_tuning_synth/results/alzheimers/copulagan,
alzheimers,ctgan,skipped_resume,,0.0,,0.5918159752696012,0.8836578204888208,0.94790909519015,0.7040539550099361,,,,,,0.05209090480984998,,,/home/gopi.battineni/Hyperparameter_tuning_synth/results/alzheimers/ctgan,
alzheimers,ctabgan,completed,0.5617329248123872,1010.6048774500086,20,0.5285569440348685,0.7845195024746641,0.8971111177434772,0.7204765202619399,0.706007067137809,0.863031937811519,0.9986159169550173,0.9294381273852289,2.195311649233405,0.10288888225652278,0.8382273491822892,0.9411162314388121,/home/gopi.battineni/Hyperparameter_tuning_synth/results/alzheimers/ctabgan,
alzheimers,tvae,completed,0.6524244222896696,204.9019208020036,20,0.6336580207362607,0.9264348586875835,0.9710968964700308,0.6267734066339252,0.9206553164150336,0.9322144009601334,0.7858823529411765,0.8872258994555434,1.2853673584142222,0.028903103529969203,0.9122131279088429,0.9411162314388121,/home/gopi.battineni/Hyperparameter_tuning_synth/results/alzheimers/tvae,
alzheimers,wgan_gp,completed,0.23326777427502268,405.92546240100637,20,0.22259987104643345,0.8624911171687666,0.05888376856118793,0.7297504162277417,0.7809187279151942,0.944063506422339,1.0,0.9008319459075275,1.3938835721607972,0.9411162314388121,0.0,0.9411162314388121,/home/gopi.battineni/Hyperparameter_tuning_synth/results/alzheimers/wgan_gp,
alzheimers,forest_diffusion,completed,0.23789366831740238,2185.2297901219863,20,0.23789366831740238,0.9049581419086968,0.05888376856118793,0.7382154793527576,0.8467716029553484,0.9631446808620453,0.9893425605536332,0.8548526697468635,1.2164159614767964,0.9411162314388121,0.0,0.9411162314388121,/home/gopi.battineni/Hyperparameter_tuning_synth/results/alzheimers/forest_diffusion,
cancer,gaussian_copula,skipped_resume,,0.0,,0.5069075196006584,0.918674767599984,0.6821692372826306,0.6671504117619371,,,,,,0.31783076271736943,,,/home/gopi.battineni/Hyperparameter_tuning_synth/results/cancer/gaussian_copula,
cancer,copulagan,skipped_resume,,0.0,,0.5830775128373217,0.8289587114284165,0.9785321699102548,0.6995941984907346,,,,,,0.021467830089745215,,,/home/gopi.battineni/Hyperparameter_tuning_synth/results/cancer/copulagan,
cancer,ctgan,skipped_resume,,0.0,,0.6310203327406309,0.9057121050621972,1.0,0.6563225464212401,,,,,,-0.008247075008516846,,,/home/gopi.battineni/Hyperparameter_tuning_synth/results/cancer/ctgan,
cancer,ctabgan,skipped_resume,,0.0,,0.5210712648404663,0.8132718951837571,0.84354929609231,0.7082860583498032,,,,,,0.15645070390769003,,,/home/gopi.battineni/Hyperparameter_tuning_synth/results/cancer/ctabgan,
cancer,tvae,skipped_resume,,0.0,,0.6399106000364164,0.9202923904660297,0.9778415852941598,0.596714951338297,,,,,,0.022158414705840197,,,/home/gopi.battineni/Hyperparameter_tuning_synth/results/cancer/tvae,
cancer,wgan_gp,skipped_resume,,0.0,,0.3056794386976383,0.9486845997247979,0.06035187336000358,0.4896757526814115,,,,,,0.9396481266399964,,,/home/gopi.battineni/Hyperparameter_tuning_synth/results/cancer/wgan_gp,
cancer,forest_diffusion,skipped_resume,,0.0,,0.3174015046180153,0.9527061342946239,0.06035187336000358,0.4391084922191786,,,,,,0.9396481266399964,,,/home/gopi.battineni/Hyperparameter_tuning_synth/results/cancer/forest_diffusion,
alzheimers,gaussian_copula,skipped_resume,,0.0,,0.5937711124539753,0.87604639338536,0.9633043181430279,0.7098458607868994,,,,,,0.036695681856972175,,,/home/gopi.battineni/Hyperparameter_tuning_synth/results/alzheimers/gaussian_copula,
alzheimers,copulagan,skipped_resume,,0.0,,0.4891213659800536,0.833155949569298,0.732747916109546,0.6862009014574206,,,,,,0.26725208389045396,,,/home/gopi.battineni/Hyperparameter_tuning_synth/results/alzheimers/copulagan,
alzheimers,ctgan,skipped_resume,,0.0,,0.5918159752696012,0.8836578204888208,0.94790909519015,0.7040539550099361,,,,,,0.05209090480984998,,,/home/gopi.battineni/Hyperparameter_tuning_synth/results/alzheimers/ctgan,
alzheimers,ctabgan,skipped_resume,,0.0,,0.5285569440348685,0.7845195024746641,0.8971111177434772,0.7204765202619399,,,,,,0.10288888225652278,,,/home/gopi.battineni/Hyperparameter_tuning_synth/results/alzheimers/ctabgan,
alzheimers,tvae,skipped_resume,,0.0,,0.6336580207362607,0.9264348586875835,0.9710968964700308,0.6267734066339252,,,,,,0.028903103529969203,,,/home/gopi.battineni/Hyperparameter_tuning_synth/results/alzheimers/tvae,
alzheimers,wgan_gp,skipped_resume,,0.0,,0.22259987104643345,0.8624911171687666,0.05888376856118793,0.7297504162277417,,,,,,0.9411162314388121,,,/home/gopi.battineni/Hyperparameter_tuning_synth/results/alzheimers/wgan_gp,
alzheimers,forest_diffusion,skipped_resume,,0.0,,0.23789366831740238,0.9049581419086968,0.05888376856118793,0.7382154793527576,,,,,,0.9411162314388121,,,/home/gopi.battineni/Hyperparameter_tuning_synth/results/alzheimers/forest_diffusion,
adult,gaussian_copula,completed,0.5640263055661681,24.67353859002469,20,0.5640263055661681,0.8413589593950739,0.9249075019263879,0.7124013948120835,0.73375,0.9489679187901477,0.9989583333333334,0.9569259061819442,2.3899660211522207,0.07509249807361211,0.7626951524939729,0.8377876505675849,/home/gopi.battineni/Hyperparameter_tuning_synth/results/adult/gaussian_copula,
cancer,gaussian_copula,skipped_resume,,0.0,,0.5069075196006584,0.918674767599984,0.6821692372826306,0.6671504117619371,,,,,,0.31783076271736943,,,/home/gopi.battineni/Hyperparameter_tuning_synth/results/classification/cancer/gaussian_copula,
cancer,copulagan,skipped_resume,,0.0,,0.5830775128373217,0.8289587114284165,0.9785321699102548,0.6995941984907346,,,,,,0.021467830089745215,,,/home/gopi.battineni/Hyperparameter_tuning_synth/results/classification/cancer/copulagan,
cancer,ctgan,skipped_resume,,0.0,,0.6310203327406309,0.9057121050621972,1.0,0.6563225464212401,,,,,,-0.008247075008516846,,,/home/gopi.battineni/Hyperparameter_tuning_synth/results/classification/cancer/ctgan,
cancer,ctabgan,skipped_resume,,0.0,,0.5210712648404663,0.8132718951837571,0.84354929609231,0.7082860583498032,,,,,,0.15645070390769003,,,/home/gopi.battineni/Hyperparameter_tuning_synth/results/classification/cancer/ctabgan,
cancer,tvae,skipped_resume,,0.0,,0.6399106000364164,0.9202923904660297,0.9778415852941598,0.596714951338297,,,,,,0.022158414705840197,,,/home/gopi.battineni/Hyperparameter_tuning_synth/results/classification/cancer/tvae,
cancer,wgan_gp,skipped_resume,,0.0,,0.3056794386976383,0.9486845997247979,0.06035187336000358,0.4896757526814115,,,,,,0.9396481266399964,,,/home/gopi.battineni/Hyperparameter_tuning_synth/results/classification/cancer/wgan_gp,
cancer,forest_diffusion,skipped_resume,,0.0,,0.3174015046180153,0.9527061342946239,0.06035187336000358,0.4391084922191786,,,,,,0.9396481266399964,,,/home/gopi.battineni/Hyperparameter_tuning_synth/results/classification/cancer/forest_diffusion,
alzheimers,gaussian_copula,skipped_resume,,0.0,,0.5937711124539753,0.87604639338536,0.9633043181430279,0.7098458607868994,,,,,,0.036695681856972175,,,/home/gopi.battineni/Hyperparameter_tuning_synth/results/classification/alzheimers/gaussian_copula,
alzheimers,copulagan,skipped_resume,,0.0,,0.4891213659800536,0.833155949569298,0.732747916109546,0.6862009014574206,,,,,,0.26725208389045396,,,/home/gopi.battineni/Hyperparameter_tuning_synth/results/classification/alzheimers/copulagan,
alzheimers,ctgan,skipped_resume,,0.0,,0.5918159752696012,0.8836578204888208,0.94790909519015,0.7040539550099361,,,,,,0.05209090480984998,,,/home/gopi.battineni/Hyperparameter_tuning_synth/results/classification/alzheimers/ctgan,
alzheimers,ctabgan,skipped_resume,,0.0,,0.5285569440348685,0.7845195024746641,0.8971111177434772,0.7204765202619399,,,,,,0.10288888225652278,,,/home/gopi.battineni/Hyperparameter_tuning_synth/results/classification/alzheimers/ctabgan,
alzheimers,tvae,skipped_resume,,0.0,,0.6336580207362607,0.9264348586875835,0.9710968964700308,0.6267734066339252,,,,,,0.028903103529969203,,,/home/gopi.battineni/Hyperparameter_tuning_synth/results/classification/alzheimers/tvae,
alzheimers,wgan_gp,skipped_resume,,0.0,,0.22259987104643345,0.8624911171687666,0.05888376856118793,0.7297504162277417,,,,,,0.9411162314388121,,,/home/gopi.battineni/Hyperparameter_tuning_synth/results/classification/alzheimers/wgan_gp,
alzheimers,forest_diffusion,skipped_resume,,0.0,,0.23789366831740238,0.9049581419086968,0.05888376856118793,0.7382154793527576,,,,,,0.9411162314388121,,,/home/gopi.battineni/Hyperparameter_tuning_synth/results/classification/alzheimers/forest_diffusion,
adult,gaussian_copula,skipped_resume,,0.0,,0.5640263055661681,0.8413589593950739,0.9249075019263879,0.7124013948120835,,,,,,0.07509249807361211,,,/home/gopi.battineni/Hyperparameter_tuning_synth/results/classification/adult/gaussian_copula,
cancer,gaussian_copula,skipped_resume,,0.0,,0.5069075196006584,0.918674767599984,0.6821692372826306,0.6671504117619371,,,,,,0.31783076271736943,,,/home/gopi.battineni/Hyperparameter_tuning_synth/results/classification/1_cancer/gaussian_copula,
cancer,copulagan,skipped_resume,,0.0,,0.5830775128373217,0.8289587114284165,0.9785321699102548,0.6995941984907346,,,,,,0.021467830089745215,,,/home/gopi.battineni/Hyperparameter_tuning_synth/results/classification/1_cancer/copulagan,
cancer,ctgan,skipped_resume,,0.0,,0.6310203327406309,0.9057121050621972,1.0,0.6563225464212401,,,,,,-0.008247075008516846,,,/home/gopi.battineni/Hyperparameter_tuning_synth/results/classification/1_cancer/ctgan,
cancer,ctabgan,skipped_resume,,0.0,,0.5210712648404663,0.8132718951837571,0.84354929609231,0.7082860583498032,,,,,,0.15645070390769003,,,/home/gopi.battineni/Hyperparameter_tuning_synth/results/classification/1_cancer/ctabgan,
cancer,tvae,skipped_resume,,0.0,,0.6399106000364164,0.9202923904660297,0.9778415852941598,0.596714951338297,,,,,,0.022158414705840197,,,/home/gopi.battineni/Hyperparameter_tuning_synth/results/classification/1_cancer/tvae,
cancer,wgan_gp,skipped_resume,,0.0,,0.3056794386976383,0.9486845997247979,0.06035187336000358,0.4896757526814115,,,,,,0.9396481266399964,,,/home/gopi.battineni/Hyperparameter_tuning_synth/results/classification/1_cancer/wgan_gp,
cancer,forest_diffusion,skipped_resume,,0.0,,0.3174015046180153,0.9527061342946239,0.06035187336000358,0.4391084922191786,,,,,,0.9396481266399964,,,/home/gopi.battineni/Hyperparameter_tuning_synth/results/classification/1_cancer/forest_diffusion,
alzheimers,gaussian_copula,skipped_resume,,0.0,,0.5937711124539753,0.87604639338536,0.9633043181430279,0.7098458607868994,,,,,,0.036695681856972175,,,/home/gopi.battineni/Hyperparameter_tuning_synth/results/classification/2_alzheimers/gaussian_copula,
alzheimers,copulagan,skipped_resume,,0.0,,0.4891213659800536,0.833155949569298,0.732747916109546,0.6862009014574206,,,,,,0.26725208389045396,,,/home/gopi.battineni/Hyperparameter_tuning_synth/results/classification/2_alzheimers/copulagan,
alzheimers,ctgan,skipped_resume,,0.0,,0.5918159752696012,0.8836578204888208,0.94790909519015,0.7040539550099361,,,,,,0.05209090480984998,,,/home/gopi.battineni/Hyperparameter_tuning_synth/results/classification/2_alzheimers/ctgan,
alzheimers,ctabgan,skipped_resume,,0.0,,0.5285569440348685,0.7845195024746641,0.8971111177434772,0.7204765202619399,,,,,,0.10288888225652278,,,/home/gopi.battineni/Hyperparameter_tuning_synth/results/classification/2_alzheimers/ctabgan,
alzheimers,tvae,skipped_resume,,0.0,,0.6336580207362607,0.9264348586875835,0.9710968964700308,0.6267734066339252,,,,,,0.028903103529969203,,,/home/gopi.battineni/Hyperparameter_tuning_synth/results/classification/2_alzheimers/tvae,
alzheimers,wgan_gp,skipped_resume,,0.0,,0.22259987104643345,0.8624911171687666,0.05888376856118793,0.7297504162277417,,,,,,0.9411162314388121,,,/home/gopi.battineni/Hyperparameter_tuning_synth/results/classification/2_alzheimers/wgan_gp,
alzheimers,forest_diffusion,skipped_resume,,0.0,,0.23789366831740238,0.9049581419086968,0.05888376856118793,0.7382154793527576,,,,,,0.9411162314388121,,,/home/gopi.battineni/Hyperparameter_tuning_synth/results/classification/2_alzheimers/forest_diffusion,
adult,gaussian_copula,skipped_resume,,0.0,,0.5640263055661681,0.8413589593950739,0.9249075019263879,0.7124013948120835,,,,,,0.07509249807361211,,,/home/gopi.battineni/Hyperparameter_tuning_synth/results/classification/3_adult/gaussian_copula,
adult,copulagan,completed,0.6399733481589072,1249.6314358760137,20,0.6211919157935788,0.9171853253211824,0.9359094374919995,0.6002299466584702,0.90125,0.9331206506423648,0.7717881944444445,0.952213835212507,2.1707323835095336,0.06409056250800053,0.7736970880595844,0.8377876505675849,/home/gopi.battineni/Hyperparameter_tuning_synth/results/classification/3_adult/copulagan,
adult,ctgan,completed,0.6088913168782932,2697.655246170005,20,0.5754753091991476,0.8877259843891974,0.8848122519665281,0.6676999267157138,0.8217857142857143,0.9536662544926805,0.9004427083333333,0.9417380915031764,2.097473198023109,0.11518774803347183,0.722599902534113,0.8377876505675849,/home/gopi.battineni/Hyperparameter_tuning_synth/results/classification/3_adult/ctgan,
adult,ctabgan,completed,0.5232599130365491,2470.3071241709986,20,0.4975808202877491,0.7148418694850995,0.8894850767051423,0.7207497909417389,0.5158333333333333,0.9138504056368657,0.9998784722222221,0.9306314838979075,2.374860728696341,0.11051492329485764,0.7272727272727272,0.8377876505675849,/home/gopi.battineni/Hyperparameter_tuning_synth/results/classification/3_adult/ctabgan,
adult,tvae,completed,0.6321713658620507,417.41377941297833,20,0.6082444280685204,0.912659903893303,0.9360362969623818,0.6561702613687682,0.8764285714285716,0.9488912363580345,0.8557899305555556,0.9057490130300321,1.567739231673717,0.06396370303761818,0.7738239475299667,0.8377876505675849,/home/gopi.battineni/Hyperparameter_tuning_synth/results/classification/3_adult/tvae,
adult,wgan_gp,completed,0.5736618246996605,491.5157078219927,20,0.5194335141302688,0.878590857974117,0.7788037065953898,0.7176215584876693,0.7985714285714286,0.9586102873768053,0.9999479166666667,0.9411746661522138,2.0410439130942244,0.22119629340461025,0.6165913571629746,0.8377876505675849,/home/gopi.battineni/Hyperparameter_tuning_synth/results/classification/3_adult/wgan_gp,
forest_cover,gaussian_copula,completed,0.48771603063565094,79.42020222905558,20,0.48771603063565094,0.9619173967808525,0.590505397816319,0.6662654360160885,0.9803863636363638,0.9434484299253413,0.9188194444444445,0.9771476206871126,3.9139234634338465,0.40949460218368094,0.19129983050859634,0.6007944326922773,/home/gopi.battineni/Hyperparameter_tuning_synth/results/classification/4_forest_cover/gaussian_copula,
forest_cover,copulagan,completed,0.5620055378752231,2566.610530318925,20,0.5434072771472773,0.9604316668013195,0.7323771205323513,0.6685811889309559,0.9753636363636364,0.9454996972390025,0.9196180555555555,0.9707594628227397,3.908751339800505,0.2676228794676487,0.33317155322462866,0.6007944326922773,/home/gopi.battineni/Hyperparameter_tuning_synth/results/classification/4_forest_cover/copulagan,
forest_cover,ctgan,completed,0.6276092844593865,6060.50892337109,20,0.626972507476014,0.9773713207364609,0.894825553243762,0.6095312105803763,0.9857954545454546,0.9689471869274672,0.7981770833333333,0.9651911036209677,3.499313543660163,0.10517444675623804,0.49561998593603923,0.6007944326922773,/home/gopi.battineni/Hyperparameter_tuning_synth/results/classification/4_forest_cover/ctgan,
forest_cover,tvae,completed,0.649227469917693,1194.599266464007,20,0.6529672910647731,0.974799818205601,0.9600655526206779,0.6048942863286928,0.9790909090909091,0.970508727320293,0.7808680555555556,0.9517991381636168,2.5080108885309604,0.03993444737932206,0.5608599853129552,0.6007944326922773,/home/gopi.battineni/Hyperparameter_tuning_synth/results/classification/4_forest_cover/tvae,
forest_cover,wgan_gp,completed,0.4903234326077628,440.5581526949536,20,0.47192562175312314,0.9485758615703421,0.572393115673872,0.6823098457228126,0.9600454545454545,0.9371062685952296,0.9469618055555555,0.9705701901832172,3.4720680060316287,0.42760688432612803,0.17318754836614922,0.6007944326922773,/home/gopi.battineni/Hyperparameter_tuning_synth/results/classification/4_forest_cover/wgan_gp,
bank_marketing,gaussian_copula,completed,0.5592679208236706,22.575024346122518,20,0.5592679208236706,0.8780654935125118,0.8687496961388657,0.6972907751844026,0.7810714285714286,0.975059558453595,0.9697916666666666,0.958683527163102,2.4592602571372106,0.13125030386113432,0.694019996227127,0.8252703000882612,/home/gopi.battineni/Hyperparameter_tuning_synth/results/classification/5_bank_marketing/gaussian_copula,
bank_marketing,copulagan,completed,0.5538293692048961,1053.9335425430909,20,0.5704684739736194,0.8384132342238083,0.9437759747799904,0.7120360481395003,0.7367857142857144,0.9400407541619022,0.9886805555555556,0.9410140987942586,2.142685533338826,0.05622402522000954,0.7690462748682517,0.8252703000882612,/home/gopi.battineni/Hyperparameter_tuning_synth/results/classification/5_bank_marketing/copulagan,
bank_marketing,ctgan,completed,0.6323276869850878,3192.3770779930055,20,0.6301684882021551,0.9365203194497843,0.935159198146115,0.5925165941810235,0.9137500000000001,0.9592906388995686,0.7493229166666666,0.9404828805076995,2.1713622467103297,0.06484080185388501,0.7604294982343763,0.8252703000882612,/home/gopi.battineni/Hyperparameter_tuning_synth/results/classification/5_bank_marketing/ctgan,
bank_marketing,tvae,completed,0.6496931665441271,733.0370446059387,20,0.6277857596641738,0.9176187853780204,0.9442803422790041,0.58486945699318,0.8880357142857144,0.9472018564703265,0.718923611111111,0.9153078285412517,1.7821340806272357,0.05571965772099585,0.7695506423672654,0.8252703000882612,/home/gopi.battineni/Hyperparameter_tuning_synth/results/classification/5_bank_marketing/tvae,
bank_marketing,ctabgan,completed,0.5471426777584231,2117.4689418908674,20,0.46472839350597706,0.8145220680461382,0.7019067807897521,0.7092157301418953,0.6966071428571429,0.9324369932351337,0.9953819444444444,0.961584140267756,2.791907667595919,0.29809321921024795,0.5271770808780133,0.8252703000882612,/home/gopi.battineni/Hyperparameter_tuning_synth/results/classification/5_bank_marketing/ctabgan,
bank_marketing,wgan_gp,completed,0.5328846040625627,765.3425053390674,20,0.5351623909744392,0.899271472808277,0.7985221423570309,0.7197752754584201,0.8442857142857143,0.9542572313308397,0.996388888888889,0.928063896620081,2.154151523424729,0.2014778576429691,0.6237924424452922,0.8252703000882612,/home/gopi.battineni/Hyperparameter_tuning_synth/results/classification/5_bank_marketing/wgan_gp,
wine_quality,gaussian_copula,completed,0.5741129778709819,19.122899306938052,20,0.5741129778709819,0.9266265341381819,0.8336323765802797,0.6499529320820133,0.9004166666666668,0.9528364016096971,0.8656597222222222,0.9429230967636593,1.77070394242647,0.16636762341972036,0.15683422041727343,0.32320184383699385,/home/gopi.battineni/Hyperparameter_tuning_synth/results/classification/6_wine_quality/gaussian_copula,
wine_quality,copulagan,completed,0.5804667803990133,1133.4885508690495,20,0.5796132897586136,0.8659744509129934,0.9271545947688362,0.6881916425705921,0.85875,0.8731989018259867,0.9459722222222222,0.9493148951350636,1.9642555290947232,0.07284540523116374,0.25035643860583007,0.32320184383699385,/home/gopi.battineni/Hyperparameter_tuning_synth/results/classification/6_wine_quality/copulagan,
wine_quality,ctgan,completed,0.6329122396140623,1941.38618563395,20,0.6284757331414805,0.9327150918176621,0.9400649515629043,0.60318142105373,0.9333333333333332,0.9320968503019909,0.7711111111111111,0.9412471150060853,1.6826179987681282,0.059935048437095684,0.2632667953998981,0.32320184383699385,/home/gopi.battineni/Hyperparameter_tuning_synth/results/classification/6_wine_quality/ctgan,
wine_quality,tvae,completed,0.6490865543920467,702.1254705488682,20,0.6306516825223651,0.907939320888201,0.978702007759057,0.6200242446826902,0.8903125,0.9255661417764021,0.7974826388888889,0.9290569158725139,1.2295047805337416,0.021297992240942976,0.3019038515960508,0.32320184383699385,/home/gopi.battineni/Hyperparameter_tuning_synth/results/classification/6_wine_quality/tvae,
wine_quality,ctabgan,completed,0.574391910506191,1456.657627601875,20,0.5139283206213274,0.8389971415065673,0.7994015005526233,0.7071556810117439,0.8628409090909092,0.8151533739222254,0.9815972222222222,0.9454764336645576,1.942914003551494,0.2005984994473767,0.1226033443896171,0.32320184383699385,/home/gopi.battineni/Hyperparameter_tuning_synth/results/classification/6_wine_quality/ctabgan,
wine_quality,wgan_gp,completed,0.6289022295016922,766.472258369904,20,0.6263812490345086,0.9451596133628317,0.9257679898908628,0.6099489613348463,0.9236458333333334,0.96667339339233,0.7742013888888889,0.9238391103653273,1.3306904388702991,0.0742320101091371,0.24896983372785672,0.32320184383699385,/home/gopi.battineni/Hyperparameter_tuning_synth/results/classification/6_wine_quality/wgan_gp,
cdc_diabetes,gaussian_copula,completed,0.6267177921355539,31.190155571093783,20,0.6267177921355539,0.94111155365956,0.9199207449755636,0.5884756365924775,0.9730681818181819,0.909154925500938,0.7298350694444444,0.9214729937658157,2.7502556838882226,0.08007925502443632,0.6791223117811477,0.7592015668055841,/home/gopi.battineni/Hyperparameter_tuning_synth/results/classification/7_cdc_diabetes/gaussian_copula,
cdc_diabetes,copulagan,completed,0.6508885675882032,1550.8927298372146,20,0.6382435864193297,0.9565265460046952,0.9135291785508596,0.5488935170144615,0.9610795454545454,0.9519735465548449,0.6328472222222222,0.8917669803221653,2.5133129092369195,0.08647082144914038,0.6727307453564436,0.7592015668055841,/home/gopi.battineni/Hyperparameter_tuning_synth/results/classification/7_cdc_diabetes/copulagan,
cdc_diabetes,ctgan,completed,0.6815406089038547,3688.675592532847,20,0.6730853588744052,0.9674719852014265,0.9817273104924616,0.5329717970157507,0.9703977272727272,0.9645462431301258,0.6105208333333333,0.9076287321697198,2.5640072485420777,0.01827268950753839,0.7409288772980456,0.7592015668055841,/home/gopi.battineni/Hyperparameter_tuning_synth/results/classification/7_cdc_diabetes/ctgan,
cdc_diabetes,tvae,completed,0.6711932586262284,749.9701912410092,20,0.6626193362450137,0.9586421266635792,0.9857886288039621,0.5757648297100141,0.965340909090909,0.9519433442362493,0.6735329861111112,0.8700055444851384,2.101235422984129,0.014211371196037917,0.744990195609546,0.7592015668055841,/home/gopi.battineni/Hyperparameter_tuning_synth/results/classification/7_cdc_diabetes/tvae,
cdc_diabetes,ctabgan,completed,0.3032359004440409,237.3001256089192,10,0.24926213765095212,0.7150038650385547,0.24910196297434906,0.6819009677710469,0.6512500000000001,0.7787577300771094,0.9205208333333333,0.927864829652066,2.943693718197614,0.7508980370256509,0.0,0.7508980370256509,/home/gopi.battineni/Hyperparameter_tuning_synth/results/classification/7_cdc_diabetes/ctabgan,
cdc_diabetes,wgan_gp,completed,0.609315068707981,564.4574520729948,20,0.5036354645694988,0.8807868850523946,0.7325315775198686,0.7084596022970322,0.8565340909090909,0.905039679195698,0.9720138888888888,0.9251578071580409,2.562306587898378,0.26746842248013136,0.4834296145455197,0.7508980370256509,/home/gopi.battineni/Hyperparameter_tuning_synth/results/classification/7_cdc_diabetes/wgan_gp,
forest_cover,ctabgan,failed,,9.453526380006224,0,,,,,,,,,,,,,/home/gopi.battineni/Hyperparameter_tuning_synth/results/classification/4_forest_cover/ctabgan,ValueError: No trials are completed yet.
mushroom,gaussian_copula,completed,0.5363557703934286,31.59008542308584,20,0.5363557703934286,0.897171671018072,0.7948664608832745,0.7022974118355503,0.9418478260869563,0.8524955159491878,0.99140625,0.9780190438814992,3.430384907811643,0.20513353911672552,0.7729893988052075,0.978122937921933,/home/gopi.battineni/Hyperparameter_tuning_synth/results/classification/8_mushroom/gaussian_copula,
mushroom,copulagan,completed,0.6329347788210924,1806.994658287149,20,0.6360894851593693,0.9347900524822004,0.9632414579782252,0.6156155951240048,0.9410326086956521,0.9285474962687487,0.6979861111111111,0.7779248681051694,0.9437205981887204,0.036758542021774754,0.9413643959001582,0.978122937921933,/home/gopi.battineni/Hyperparameter_tuning_synth/results/classification/8_mushroom/copulagan,
mushroom,ctgan,completed,0.6337154429961699,4567.767203971976,20,0.609268750786902,0.9479712335891142,0.881870643911945,0.6133400010676089,0.9595108695652175,0.9364315976130108,0.7795659722222222,0.9214766168116744,1.6739758710230563,0.11812935608805493,0.8599935818338779,0.978122937921933,/home/gopi.battineni/Hyperparameter_tuning_synth/results/classification/8_mushroom/ctgan,
mushroom,tvae,completed,0.6501221276496444,621.2966544299852,20,0.6413717367305839,0.9439457119797914,0.9675897461148527,0.6162122325363688,0.951195652173913,0.9366957717856697,0.7615364583333333,0.8818533221009928,1.3929213743602216,0.032410253885147254,0.9457126840367857,0.978122937921933,/home/gopi.battineni/Hyperparameter_tuning_synth/results/classification/8_mushroom/tvae,
mushroom,ctabgan,completed,0.07026830777236831,2578.740257962141,20,0.06863995559049418,0.5,0.021877062078067055,0.7005543462036632,0.5,0.5,0.9875173611111111,0.9773477811729747,3.203099268456385,0.978122937921933,0.0,0.978122937921933,/home/gopi.battineni/Hyperparameter_tuning_synth/results/classification/8_mushroom/ctabgan,
mushroom,wgan_gp,completed,0.5960102175261399,633.5271296249703,20,0.6067848332980195,0.9327690577284125,0.9382756168461058,0.7081651826589399,0.9071195652173912,0.9584185502394338,0.99234375,0.9600223078035339,2.1404343069438405,0.061724383153894204,0.9163985547680387,0.978122937921933,/home/gopi.battineni/Hyperparameter_tuning_synth/results/classification/8_mushroom/wgan_gp,
magic_gamma,gaussian_copula,completed,0.6299365234407833,28.23697462095879,20,0.6299365234407833,0.9364814726537517,0.9750265505191597,0.6733334291419063,0.916590909090909,0.9563720362165944,0.9111458333333333,0.9407982917492013,1.6634093046132183,0.024973449480840387,0.7488492063492064,0.7738226558300467,/home/gopi.battineni/Hyperparameter_tuning_synth/results/classification/9_magic_gamma/gaussian_copula,
magic_gamma,copulagan,completed,0.5402861422047163,817.3556624939665,20,0.5207627283665425,0.7970188682306574,0.8551516807401188,0.7005274561088397,0.8563636363636363,0.7376741000976785,0.9847395833333334,0.9728077851927568,2.649749034098718,0.1448483192598812,0.6289743365701655,0.7738226558300467,/home/gopi.battineni/Hyperparameter_tuning_synth/results/classification/9_magic_gamma/copulagan,
magic_gamma,ctgan,completed,0.6508385806283277,2916.6674619428813,20,0.6449953137610333,0.9557906862442074,0.9582548091676683,0.603114422018585,0.9594318181818182,0.9521495543065965,0.7677430555555557,0.9358570191973095,1.1931977522289223,0.04174519083233178,0.7320774649977149,0.7738226558300467,/home/gopi.battineni/Hyperparameter_tuning_synth/results/classification/9_magic_gamma/ctgan,
magic_gamma,tvae,completed,0.6619108588570912,884.1926539479755,20,0.6564836708338893,0.9386907644903435,0.997821382737935,0.5906059402871109,0.9222727272727272,0.9551088017079596,0.7251041666666667,0.9064871434874084,0.8833571200864017,0.00217861726206503,0.7716440385679816,0.7738226558300467,/home/gopi.battineni/Hyperparameter_tuning_synth/results/classification/9_magic_gamma/tvae,
magic_gamma,ctabgan,completed,0.6152268752700354,3885.009924846934,20,0.5943208322442801,0.8726519946550702,0.9639918785129851,0.7016835851147101,0.836375,0.9089289893101402,0.9683333333333333,0.9416102718398551,1.424246209063564,0.03600812148701497,0.7378145343430318,0.7738226558300467,/home/gopi.battineni/Hyperparameter_tuning_synth/results/classification/9_magic_gamma/ctabgan,
magic_gamma,wgan_gp,completed,0.6686602200853253,574.4698977710214,20,0.6671725842311969,0.9492288438106156,1.0,0.5625947664652466,0.9448863636363637,0.9535713239848675,0.6655381944444444,0.9005811025232517,0.7644095962435312,-0.009008646321480943,0.7828313021515276,0.7738226558300467,/home/gopi.battineni/Hyperparameter_tuning_synth/results/classification/9_magic_gamma/wgan_gp,
metro_interstate,gaussian_copula,completed,0.6253896966724958,14.484323856886476,20,0.6253896966724958,0.9168177280162626,1.0,0.7066869726700462,0.9127777777777778,0.9208576782547474,0.9834722222222222,0.95016379480355,0.9000240516281407,-0.06363515917547957,-4.033442418518508,-4.097077577693987,/home/gopi.battineni/Hyperparameter_tuning_synth/results/regression/10_metro_interstate/gaussian_copula,
metro_interstate,copulagan,completed,0.6329418458416245,1054.7822735789232,20,0.22967942833455482,0.9180939095258345,0.0,0.6877906773788949,0.8998611111111112,0.9363267079405577,0.8762239583333333,0.8344043392925728,0.3476989991881316,4.966931450827618,-9.064009028521605,-4.097077577693987,/home/gopi.battineni/Hyperparameter_tuning_synth/results/regression/10_metro_interstate/copulagan,
metro_interstate,ctgan,completed,0.6307036564734756,2191.7504493079614,20,0.28224898715386815,0.8646561044149728,0.2024539167339947,0.7229751065285943,0.8202777777777778,0.9090344310521677,0.9774131944444444,0.8857716356454262,0.4874981126925215,0.7975460832660053,-4.894623660959993,-4.097077577693987,/home/gopi.battineni/Hyperparameter_tuning_synth/results/regression/10_metro_interstate/ctgan,
metro_interstate,tvae,completed,0.6267876123575021,329.8567915491294,20,0.21942681319793672,0.897101267568188,0.0,0.6970684691466924,0.8944444444444445,0.8997580906919314,0.8920833333333336,0.8299106583999144,0.26552645973270234,2.0436030464654964,-6.140680624159484,-4.097077577693987,/home/gopi.battineni/Hyperparameter_tuning_synth/results/regression/10_metro_interstate/tvae,
metro_interstate,ctabgan,failed,,12.492746046045795,0,,,,,,,,,,,,,/home/gopi.battineni/Hyperparameter_tuning_synth/results/regression/10_metro_interstate/ctabgan,ValueError: No trials are completed yet.
metro_interstate,wgan_gp,completed,0.6075623451126902,388.61473321705125,20,0.6059469061843454,0.8722707001098016,1.0,0.714806869297876,0.7909722222222223,0.9535691779973807,1.0,0.9506437690070799,0.7251836704749164,-0.7743582928634059,-3.3227192848305815,-4.097077577693987,/home/gopi.battineni/Hyperparameter_tuning_synth/results/regression/10_metro_interstate/wgan_gp,
metro_interstate,gaussian_copula,completed,0.41443822935879804,13.335480839014053,20,0.41443822935879804,0.9097992292622556,0.47640361571118905,0.7002145431528992,0.91015625,0.9094422085245114,0.9826909722222223,0.9704364765273735,0.7530941758080051,0.523596384288811,-4.665801809413789,-4.1422054251249785,/home/gopi.battineni/Hyperparameter_tuning_synth/results/regression/10_metro_interstate/gaussian_copula,
metro_interstate,copulagan,completed,0.6189599401374707,470.014279067982,20,0.3513954973089371,0.8955275668737888,0.330910897718554,0.6958994426400003,0.915,0.8760551337475776,0.9723350694444445,0.9675603069407402,0.6633055887986874,0.669089102281446,-4.8112945274064245,-4.1422054251249785,/home/gopi.battineni/Hyperparameter_tuning_synth/results/regression/10_metro_interstate/copulagan,
metro_interstate,ctgan,completed,0.6162554827531256,1315.126414506929,20,0.6156652918565003,0.8893988938689961,1.0,0.7004713284554906,0.85453125,0.9242665377379923,0.9376649305555556,0.894537122740957,0.13721406405619616,-1.8443772057208982,-2.29782821940408,-4.1422054251249785,/home/gopi.battineni/Hyperparameter_tuning_synth/results/regression/10_metro_interstate/ctgan,
metro_interstate,tvae,completed,0.652519274879645,394.8792650650721,20,0.6401025102989211,0.9261880780945719,1.0,0.6518636046945385,0.93109375,0.9212824061891439,0.7771354166666666,0.7890136787959827,0.07015651795665456,-1.071997151799538,-3.0702082733254406,-4.1422054251249785,/home/gopi.battineni/Hyperparameter_tuning_synth/results/regression/10_metro_interstate/tvae,
metro_interstate,ctabgan,completed,0.5460520439938794,1029.8471017081756,20,0.1401245071780486,0.705423700578247,0.0,0.7102248652662508,0.46125000000000005,0.9495974011564939,0.9998958333333332,0.9657435046680529,0.5971328630870723,4.227850298321852,-8.37005572344683,-4.1422054251249785,/home/gopi.battineni/Hyperparameter_tuning_synth/results/regression/10_metro_interstate/ctabgan,
metro_interstate,wgan_gp,completed,0.6013200600454316,507.6551852109842,20,0.5964315969480835,0.8445434522282956,1.0,0.7069289197161743,0.79890625,0.8901806544565912,0.999765625,0.9765129759460855,0.4289461209424528,-0.020398607219005882,-4.121806817905973,-4.1422054251249785,/home/gopi.battineni/Hyperparameter_tuning_synth/results/regression/10_metro_interstate/wgan_gp,
online_shopping,gaussian_copula,completed,0.32582173080500176,11.841006259899586,20,0.32582173080500176,0.9116318220862987,0.24386388435686024,0.6818827588613091,0.9400000000000001,0.8832636441725973,0.9293402777777778,0.9426246000919327,1.8076415645379709,0.7561361156431398,0.17356527113689868,0.9297013867800384,/home/gopi.battineni/Hyperparameter_tuning_synth/results/regression/11_online_shopping/gaussian_copula,
online_shopping,copulagan,completed,0.52466881782511,1041.8641709277872,20,0.5465351184858165,0.9305041838158505,0.7580706131564581,0.6444740015155346,0.9207692307692308,0.9402391368624702,0.8297656250000001,0.9013627032815514,1.3876031356121947,0.24192938684354193,0.6877719999364965,0.9297013867800384,/home/gopi.battineni/Hyperparameter_tuning_synth/results/regression/11_online_shopping/copulagan,
online_shopping,ctgan,completed,0.5431682600762435,3257.588281736942,20,0.5155289275395794,0.9514546416239563,0.6524208530947416,0.6301063517394989,0.9674038461538461,0.9355054370940665,0.81796875,0.9295934108683368,1.644342249817669,0.3475791469052584,0.5821222398747801,0.9297013867800384,/home/gopi.battineni/Hyperparameter_tuning_synth/results/regression/11_online_shopping/ctgan,
online_shopping,tvae,completed,0.6389367567504662,350.0531387128867,20,0.6216031477420638,0.9555790569667417,0.8837817136577373,0.5707058025386389,0.9530769230769229,0.9580811908565604,0.6659027777777777,0.8741519545008334,1.1891132950318908,0.11621828634226272,0.8134831004377757,0.9297013867800384,/home/gopi.battineni/Hyperparameter_tuning_synth/results/regression/11_online_shopping/tvae,
online_shopping,ctabgan,failed,,14307.284913264913,0,,,,,,,,,,,,,/home/gopi.battineni/Hyperparameter_tuning_synth/results/regression/11_online_shopping/ctabgan,ValueError: No trials are completed yet.
online_shopping,wgan_gp,completed,0.6388060079790017,589.808701215079,20,0.6378005177946522,0.9539897903157363,0.9698482842392955,0.6586735601368023,0.9363461538461538,0.9716334267853187,0.8593055555555555,0.9032640588032514,1.2954166994335048,0.030151715760704523,0.8995496710193339,0.9297013867800384,/home/gopi.battineni/Hyperparameter_tuning_synth/results/regression/11_online_shopping/wgan_gp,
online_shopping,gaussian_copula,completed,0.34238162244683173,17.597282441798598,20,0.34238162244683173,0.9468776972746361,0.2100818845004493,0.6020110513160123,0.9830208333333333,0.9107345612159389,0.7563888888888889,0.9206113104281073,1.494435973430098,0.7899181154995507,0.1861847289179004,0.9761028444174511,/home/gopi.battineni/Hyperparameter_tuning_synth/results/regression/11_online_shopping/gaussian_copula,
online_shopping,copulagan,completed,0.5392218648806477,2125.745246100938,20,0.5312240320734869,0.9518504454693493,0.6374837119151989,0.5225481544016619,0.9495833333333333,0.9541175576053653,0.5797135416666666,0.8910287214389045,1.4061704269633384,0.3625162880848011,0.61358655633265,0.9761028444174511,/home/gopi.battineni/Hyperparameter_tuning_synth/results/regression/11_online_shopping/copulagan,
online_shopping,ctgan,completed,0.5657453724325993,3937.675111070974,20,0.49935771577967086,0.9633645882502155,0.5477382730332236,0.5254171436685243,0.9698958333333335,0.9568333431670974,0.5889756944444445,0.8969023451789933,1.3952597292260618,0.45226172696677636,0.5238411174506747,0.9761028444174511,/home/gopi.battineni/Hyperparameter_tuning_synth/results/regression/11_online_shopping/ctgan,
online_shopping,tvae,completed,0.623685610117338,259.432914536912,20,0.5610620762320647,0.9514789641106192,0.7414825251658492,0.580612597392613,0.9473958333333333,0.9555620948879051,0.6868923611111111,0.8761119438764753,1.224127723053205,0.2585174748341508,0.7175853695833003,0.9761028444174511,/home/gopi.battineni/Hyperparameter_tuning_synth/results/regression/11_online_shopping/tvae,
online_shopping,ctabgan,completed,0.18343723143864432,1362.4537419888657,20,0.15333109125017483,0.680625,0.0238971555825489,0.6423888549142238,0.8612500000000001,0.5,0.839548611111111,0.9246181688044393,1.6005555521261883,0.9761028444174511,0.0,0.9761028444174511,/home/gopi.battineni/Hyperparameter_tuning_synth/results/regression/11_online_shopping/ctabgan,
online_shopping,wgan_gp,completed,0.5837761885578546,388.7927010101266,20,0.5934984968374393,0.9474765987811735,0.8574699512368733,0.642400615848897,0.9263541666666667,0.9685990308956802,0.8359027777777778,0.918502576799973,1.361867393258395,0.1425300487631267,0.8335727956543244,0.9761028444174511,/home/gopi.battineni/Hyperparameter_tuning_synth/results/regression/11_online_shopping/wgan_gp,
air_quality,gaussian_copula,completed,0.6091088998099426,16.878244451945648,20,0.6091088998099426,0.8753309795536075,1.0,0.7051174600575023,0.7765384615384617,0.9741234975687532,1.0,0.9829417998083259,1.962316909224377,-1.7880195995587211,-13.020008919906275,-14.808028519464996,/home/gopi.battineni/Hyperparameter_tuning_synth/results/regression/12_air_quality/gaussian_copula,
air_quality,copulagan,completed,0.5971259195947808,718.1777223481331,20,0.5906701707890829,0.8209010197298638,1.0,0.6884511855143133,0.9029807692307693,0.7388212702289583,0.9486284722222222,0.9528768353226595,1.1130624963158127,-0.708757002520569,-14.099271516944427,-14.808028519464996,/home/gopi.battineni/Hyperparameter_tuning_synth/results/regression/12_air_quality/copulagan,
air_quality,ctgan,completed,0.609483274225159,1974.2579956720583,20,0.6147750379353131,0.8828976920767408,1.0,0.6919201944769163,0.8835576923076924,0.8822376918457892,0.9563194444444445,0.9541317591510198,1.0721768758612795,-1.9210322321425881,-12.886996287322408,-14.808028519464996,/home/gopi.battineni/Hyperparameter_tuning_synth/results/regression/12_air_quality/ctgan,
air_quality,tvae,completed,0.6318900885633514,525.8277241569012,20,0.40466998588589026,0.8848102524833119,0.4707264202287025,0.6877234159945774,0.8974999999999999,0.8721205049666239,0.9393923611111111,0.9399092152032604,0.7742372071752799,0.5292735797712975,-15.337302099236293,-14.808028519464996,/home/gopi.battineni/Hyperparameter_tuning_synth/results/regression/12_air_quality/tvae,
air_quality,ctabgan,completed,0.5570450910629234,1592.0700931590982,20,0.5527575735245257,0.7384026765612086,1.0,0.7130174854997888,0.7729807692307691,0.7038245838916483,0.9993576388888888,0.9555377798155189,1.1102808733345981,-3.8678524657274664,-10.94017605373753,-14.808028519464996,/home/gopi.battineni/Hyperparameter_tuning_synth/results/regression/12_air_quality/ctabgan,
air_quality,wgan_gp,completed,0.6265670972322265,636.2197799750138,20,0.6256961222309849,0.9214450338399304,1.0,0.7144094565249366,0.8743269230769232,0.9685631446029376,0.9997569444444445,0.9515633856576189,0.6816090914457231,-1.8727365457493157,-12.93529197371568,-14.808028519464996,/home/gopi.battineni/Hyperparameter_tuning_synth/results/regression/12_air_quality/wgan_gp,
concrete,gaussian_copula,completed,0.6199365640729244,12.792880405904725,20,0.6199365640729244,0.8982658647696098,1.0,0.696848909174598,0.8494444444444444,0.9470872850947752,0.9734722222222221,0.9662906731217102,1.232097085931845,-0.32487142698992466,-2.068815762657136,-2.3936871896470606,/home/gopi.battineni/Hyperparameter_tuning_synth/results/regression/13_concrete/gaussian_copula,
concrete,copulagan,completed,0.619476288680077,845.8068818529136,20,0.3692456596127253,0.8601165773384453,0.4130876284966898,0.7001801136066435,0.822361111111111,0.8978720435657795,0.9712673611111111,0.9515118898297071,1.1377823643582032,0.5869123715033102,-2.980599561150371,-2.3936871896470606,/home/gopi.battineni/Hyperparameter_tuning_synth/results/regression/13_concrete/copulagan,
concrete,ctgan,completed,0.6147205854229565,2999.118445514934,20,0.6158760781162849,0.890943445591742,1.0,0.7025065006020597,0.8688888888888889,0.9129980022945949,0.9745659722222222,0.9492549516968383,1.0712814108145379,-0.0730020024648339,-2.3206851871822267,-2.3936871896470606,/home/gopi.battineni/Hyperparameter_tuning_synth/results/regression/13_concrete/ctgan,
concrete,tvae,completed,0.6104440437833495,518.191190960817,20,0.5573886164347307,0.8852103670746091,0.8588824690659429,0.701242590107451,0.8391666666666666,0.9312540674825516,0.9739583333333333,0.9524552551973854,0.9107453808173595,0.1411175309340571,-2.5348047205811177,-2.3936871896470606,/home/gopi.battineni/Hyperparameter_tuning_synth/results/regression/13_concrete/tvae,
concrete,ctabgan,completed,0.573929304808494,1661.7194695780054,20,0.5729078962736381,0.7850612807467499,1.0,0.7055830801253091,0.74609375,0.8240288114934998,0.9969444444444445,0.9762971403230436,1.3748230901333889,-0.157662862383241,-2.2360243272638196,-2.3936871896470606,/home/gopi.battineni/Hyperparameter_tuning_synth/results/regression/13_concrete/ctabgan,
concrete,wgan_gp,completed,0.6173146354220536,386.68849539617077,20,0.5415715888334611,0.9049182013933315,0.8030900088970729,0.7081584764135034,0.8494444444444444,0.9603919583422185,0.9959027777777777,0.9659763749179513,1.1233709348091099,0.19690999110292706,-2.5905971807499877,-2.3936871896470606,/home/gopi.battineni/Hyperparameter_tuning_synth/results/regression/13_concrete/wgan_gp,
energy_efficiency,gaussian_copula,completed,0.616940780427084,11.378552787005901,20,0.616940780427084,0.902895831601763,1.0,0.7210877610681061,0.8340390879478827,0.9717525752556432,1.0,0.9297074631063129,1.2510113443281181,-0.11645897880946965,-1.7130860027751051,-1.8295449815845748,/home/gopi.battineni/Hyperparameter_tuning_synth/results/regression/14_energy_efficiency/gaussian_copula,
energy_efficiency,copulagan,completed,0.5976561625469576,697.2105616461486,20,0.2892946367635768,0.8800505591496826,0.202830239277203,0.7192884130358874,0.8675895765472312,0.8925115417521338,0.9995005875440658,0.9348729357871516,1.2522848993407765,0.797169760722797,-2.626714742307372,-1.8295449815845748,/home/gopi.battineni/Hyperparameter_tuning_synth/results/regression/14_energy_efficiency/copulagan,
energy_efficiency,ctgan,completed,0.6219951885288841,1609.4054644361604,20,0.580482727578179,0.9285611912279861,0.8954644146774755,0.745637573920028,0.9201954397394138,0.9369269427165583,1.0,0.8478747535999066,0.7989326744301526,0.1045355853225245,-1.9340805669070993,-1.8295449815845748,/home/gopi.battineni/Hyperparameter_tuning_synth/results/regression/14_energy_efficiency/ctgan,
energy_efficiency,tvae,completed,0.6100317042101429,536.9196630029473,20,0.6026302425559664,0.9151829422452307,0.9825466277828863,0.7823079272764022,0.8983713355048859,0.9319945489855755,0.9985898942420681,0.7232900661487727,0.587231095133927,0.01745337221711374,-1.8469983538016885,-1.8295449815845748,/home/gopi.battineni/Hyperparameter_tuning_synth/results/regression/14_energy_efficiency/tvae,
energy_efficiency,ctabgan,completed,0.5682430169105055,1906.222885663854,20,0.5571425455085767,0.7553531660933988,1.0,0.724993604643914,0.6925895765472313,0.8181167556395662,1.0,0.9166879845202867,1.0166485816850683,-0.04674589978082233,-1.7827990818037525,-1.8295449815845748,/home/gopi.battineni/Hyperparameter_tuning_synth/results/regression/14_energy_efficiency/ctabgan,
energy_efficiency,wgan_gp,completed,0.5976581497124598,369.3232794201467,20,0.47343840931139597,0.8751924914332295,0.6688950980375896,0.7209831323846585,0.8372964169381107,0.9130885659283483,1.0,0.930056225384472,1.2552284185001246,0.3311049019624104,-2.160649883546985,-1.8295449815845748,/home/gopi.battineni/Hyperparameter_tuning_synth/results/regression/14_energy_efficiency/wgan_gp,
real_estate,gaussian_copula,completed,0.5315075120576751,10.394969670102,20,0.5315075120576751,0.6787740517828843,1.0,0.7000105432773931,0.7044310171198389,0.6531170864459297,1.0,0.9999648557420232,9449.466967476104,-0.10020544180402813,-0.15503731627129302,-0.25524275807532115,/home/gopi.battineni/Hyperparameter_tuning_synth/results/regression/15_real_estate/gaussian_copula,
real_estate,copulagan,completed,0.5253907396415816,206.85621922486462,20,0.3594243901816585,0.698059725089688,0.5505065193683918,0.7000105380078674,0.6555891238670695,0.7405303263123066,1.0,0.9999648733071086,9449.466178156566,0.4494934806316082,-0.7047362387069294,-0.25524275807532115,/home/gopi.battineni/Hyperparameter_tuning_synth/results/regression/15_real_estate/copulagan,
real_estate,ctgan,completed,0.5476948131410004,818.8957919210661,20,0.49363595623656864,0.7083384240140456,0.8757567376542508,0.7000105421537495,0.6968781470292046,0.7197987009988864,1.0,0.9999648594875016,9449.465906170342,0.12424326234574923,-0.3794860204210704,-0.25524275807532115,/home/gopi.battineni/Hyperparameter_tuning_synth/results/regression/15_real_estate/ctgan,
real_estate,tvae,completed,0.5494570818381801,174.20854470785707,20,0.5425738131001555,0.7064398007631815,1.0,0.7000105360255855,0.690332326283988,0.7225472752423749,1.0,0.9999648799147152,9449.467080650651,-0.04137637937494998,-0.21386637870037117,-0.25524275807532115,/home/gopi.battineni/Hyperparameter_tuning_synth/results/regression/15_real_estate/tvae,
real_estate,ctabgan,completed,0.6129782462759752,546.0123894677963,20,0.5798325793142614,0.7937766817495868,1.0,0.688390466927867,0.8036253776435046,0.7839279858556691,0.9613131313131312,0.9742203290956621,1.0867054225049122,-0.021902686448092012,-0.23334007162722914,-0.25524275807532115,/home/gopi.battineni/Hyperparameter_tuning_synth/results/regression/15_real_estate/ctabgan,
real_estate,wgan_gp,completed,0.6485462733108974,366.53911861102097,20,0.5858959684894723,0.9125686564029878,0.8828957153817345,0.6614489011220831,0.8776435045317221,0.9474938082742536,0.8945454545454546,0.9527460871688141,0.5557772399534002,0.1171042846182655,-0.37234704269358665,-0.25524275807532115,/home/gopi.battineni/Hyperparameter_tuning_synth/results/regression/15_real_estate/wgan_gp,
forest_cover,tabddpm,completed,0.3880091883213308,556.7546120120005,10,0.3992126753101085,0.7193967450573494,0.6302389105914121,0.7032079347469804,0.5890454545454545,0.8497480355692443,0.9999999999999999,0.9893068841767321,43.53916371622368,0.3697610894085878,0.23103334328368944,0.6007944326922773,/home/gopi_b/Hyperparameter_tuning_synth/results/classification/4_forest_cover/tabddpm,
alzheimers,tabddpm,completed,0.5522299728952453,1059.8143484230004,10,0.5532974310987666,0.7886629450134348,0.9128757125421321,0.6365901596173007,0.7532031726662599,0.8241227173606097,0.8264669163545568,0.9221443285332591,3.0586896345566403,0.08712428745786789,0.8425761373129794,0.9297004247708472,/home/gopi_b/Hyperparameter_tuning_synth/results/classification/2_alzheimers/tabddpm,
cancer,tabddpm,completed,0.5500366495689029,1126.3018805110005,10,0.5261036375874966,0.7022947711454848,0.9340217792543374,0.6421149128621619,0.6394186458702589,0.7651708964207108,0.8367325032202662,0.9208377958265707,7.0039959107599925,0.06597822074566258,0.9102032520325203,0.9761814727781829,/home/gopi_b/Hyperparameter_tuning_synth/results/classification/1_cancer/tabddpm,
adult,tabddpm,completed,0.5045256152468071,1151.7130123079987,10,0.5045256152468071,0.7481187577777068,0.8687140836067094,0.7110376065347974,0.5894166666666666,0.9068208488887469,1.0,0.9632079782173419,7.7440823055332855,0.1312859163932906,0.6447109778444111,0.7759968942377017,/home/gopi_b/Hyperparameter_tuning_synth/results/classification/3_adult/tabddpm,
bank_marketing,tabddpm,completed,0.5199521251734387,1154.4639554219993,10,0.4338207553759923,0.7549570318100699,0.6852237812649418,0.7112578492700623,0.6041176470588235,0.9057964165613163,1.0,0.9624738357664593,9.363941881815329,0.3147762187350583,0.4608221292770828,0.775598348012141,/home/gopi_b/Hyperparameter_tuning_synth/results/classification/5_bank_marketing/tabddpm,
wine_quality,tabddpm,completed,0.6492222527851066,1933.7336145230001,10,0.658875069108904,0.9591741110339086,0.9779321508845772,0.5798371782924517,0.9438541666666667,0.9744940554011505,0.6999652777777777,0.9004848686547904,1.0770501486753414,0.02206784911542284,0.301133994721571,0.32320184383699385,/home/gopi_b/Hyperparameter_tuning_synth/results/classification/6_wine_quality/tabddpm,
metro_interstate,tabddpm,failed,,959.8729000010007,0,,,,,,,,,,,,,/home/gopi_b/Hyperparameter_tuning_synth/results/regression/10_metro_interstate/tabddpm,ValueError: No trials are completed yet.
magic_gamma,tabddpm,completed,0.6720858916175214,1093.8800086049996,10,0.6821235836661081,0.9582535128375036,1.0,0.5058891073444666,0.9688636363636364,0.9476433893113708,0.5402256944444445,0.880745799592519,0.7250496490641982,-0.03892256655603702,0.8127452223860837,0.7738226558300467,/home/gopi_b/Hyperparameter_tuning_synth/results/classification/9_magic_gamma/tabddpm,
mushroom,tabddpm,failed,,1130.2226836849986,0,,,,,,,,,,,,,/home/gopi_b/Hyperparameter_tuning_synth/results/classification/8_mushroom/tabddpm,ValueError: No trials are completed yet.
cdc_diabetes,tabddpm,completed,0.5226304945789111,1282.3332414509987,10,0.5508914927369623,0.8171633961013383,0.9160319027913428,0.7119331341005513,0.7496022727272726,0.8847245194754039,1.0,0.9602228863314957,7.660088224396131,0.08396809720865712,0.666929939816994,0.7508980370256509,/home/gopi_b/Hyperparameter_tuning_synth/results/classification/7_cdc_diabetes/tabddpm,
air_quality,tabddpm,failed,,967.8575760199983,0,,,,,,,,,,,,,/home/gopi_b/Hyperparameter_tuning_synth/results/regression/12_air_quality/tabddpm,ValueError: No trials are completed yet.
concrete,tabddpm,failed,,1007.2650056570001,0,,,,,,,,,,,,,/home/gopi_b/Hyperparameter_tuning_synth/results/regression/13_concrete/tabddpm,ValueError: No trials are completed yet.
energy_efficiency,tabddpm,failed,,1123.4026165520008,0,,,,,,,,,,,,,/home/gopi_b/Hyperparameter_tuning_synth/results/regression/14_energy_efficiency/tabddpm,ValueError: No trials are completed yet.
real_estate,tabddpm,failed,,1060.6309442050006,0,,,,,,,,,,,,,/home/gopi_b/Hyperparameter_tuning_synth/results/regression/15_real_estate/tabddpm,ValueError: No trials are completed yet.
online_shopping,tabddpm,failed,,2821.8212944529987,0,,,,,,,,,,,,,/home/gopi_b/Hyperparameter_tuning_synth/results/regression/11_online_shopping/tabddpm,ValueError: No trials are completed yet.
forest_cover,ctabgan,failed,,338071.994196066,0,,,,,,,,,,,,,/home/gopi_b/Hyperparameter_tuning_synth/results/classification/4_forest_cover/ctabgan,ValueError: No trials are completed yet.
forest_cover,ctabgan,completed,0.4433200342793723,892.8643757110112,5,0.4495032299575367,0.9326426001844348,0.5439924851375169,0.7057540208562199,0.9483101851851852,0.9169750151836844,0.9995659722222223,0.9800965508496374,4.202115680072035,0.4560075148624831,0.1447869178297942,0.6007944326922773,/home/gopi_b/Hyperparameter_tuning_synth/results/classification/4_forest_cover/ctabgan,
metro_interstate,tabddpm,completed,0.6022344776192881,514.1086343939533,10,0.6072643461422135,0.8467004147870125,1.0,0.6570790988629578,0.89265625,0.8007445795740251,0.8094357638888889,0.825462610271622,0.21572281779819236,-0.7366700108262219,-3.4055354142987566,-4.1422054251249785,/home/gopi_b/Hyperparameter_tuning_synth/results/regression/10_metro_interstate/tabddpm,
concrete,tabddpm,completed,0.5965278673190109,561.6793773719692,10,0.5693784646780753,0.8683122321637222,0.876856269784899,0.6434446805068662,0.8497222222222223,0.8869022421052223,0.8550868055555555,0.9469957409030385,0.9898639976918221,0.12314373021510105,-2.5168309198621617,-2.3936871896470606,/home/gopi_b/Hyperparameter_tuning_synth/results/regression/13_concrete/tabddpm,
online_shopping,tabddpm,completed,0.226604437016168,637.2103225850151,10,0.22331029614364203,0.8883028205361927,0.0,0.6600541603541752,0.8712499999999999,0.9053556410723854,0.8711979166666667,0.9184826599305271,1.895468978059919,1.0796459315619242,-0.10354308714447313,0.9761028444174511,/home/gopi_b/Hyperparameter_tuning_synth/results/regression/11_online_shopping/tabddpm,
mushroom,tabddpm,completed,0.43169576149179967,670.7677183809574,10,0.45957932924356437,0.7516915287412773,0.7492269687430574,0.7039403487508475,0.7708152173913042,0.7325678400912503,0.9996006944444444,0.9861999949045824,6.627173489905486,0.2507730312569426,0.7273499066649903,0.978122937921933,/home/gopi_b/Hyperparameter_tuning_synth/results/classification/8_mushroom/tabddpm,
air_quality,tabddpm,completed,0.6517415060230969,779.1426425569807,10,0.6524004965148554,0.9093428067482529,1.0,0.5566831309222284,0.9402884615384615,0.8783971519580442,0.6434722222222222,0.8835099339629421,0.4351884643148496,-0.4512068262930864,-14.35682169317191,-14.808028519464996,/home/gopi_b/Hyperparameter_tuning_synth/results/regression/12_air_quality/tabddpm,
energy_efficiency,tabddpm,completed,0.61056746673799,436.8058129529818,10,0.6040948637092485,0.9591135922837974,0.9839444041394811,0.865641674300315,0.9439739413680783,0.9742532431995167,0.9656286721504113,0.3905755392496355,0.2710408035690506,0.016055595860518856,-1.8456005774450936,-1.8295449815845748,/home/gopi_b/Hyperparameter_tuning_synth/results/regression/14_energy_efficiency/tabddpm,
real_estate,tabddpm,completed,0.5931269766004406,407.08625996200135,10,0.6312221181625013,0.9272716437427858,0.9493899621157382,0.5972126209045414,0.9405840886203425,0.9139591988652291,0.759090909090909,0.9411094454697104,0.3932811224224358,0.05061003788426177,-0.3058527959595829,-0.25524275807532115,/home/gopi_b/Hyperparameter_tuning_synth/results/regression/15_real_estate/tabddpm,
