number,value,datetime_start,datetime_complete,duration,params_batch_size,params_default_distribution,params_discriminator_dim,params_discriminator_lr,params_epochs,params_generator_dim,params_generator_lr,params_pac,user_attrs_corr_similarity,user_attrs_dcr,user_attrs_dcr_norm,user_attrs_fidelity,user_attrs_ks_similarity,user_attrs_mean_f1_gap,user_attrs_mean_trtr_f1,user_attrs_mean_tstr_f1,user_attrs_mia_auc,user_attrs_nndr,user_attrs_nndr_norm,user_attrs_objective,user_attrs_privacy_risk,user_attrs_sdv_quality,user_attrs_utility,user_attrs_w_fidelity,user_attrs_w_privacy_risk,user_attrs_w_utility,state
0,0.24618093097888782,2026-09-08 11:32:52.781331,2026-09-08 11:35:58.593555,0 days 00:03:05.812224,100,norm,"[256, 256, 256]",2.0511104188433963e-05,350,"[256, 256]",2.0513382630874486e-05,1,0.8957981390394961,1.6513325592749721,0.0,0.9291490695197481,0.9625,1.0246001554481683,0.9761028444174511,-0.048497311030717194,0.8091840277777778,0.923995099146106,0.923995099146106,0.24618093097888782,0.627393484145057,,0.0,0.4,0.2,0.4,COMPLETE
1,0.24527799938712727,2026-09-08 11:35:58.636083,2026-09-08 11:37:56.937028,0 days 00:01:58.300945,100,beta,"[256, 256, 256]",8.168455894760161e-05,300,"[128, 128]",5.4041038546473305e-05,10,0.8960520601335683,1.6139116936439941,0.0,0.9274010300667842,0.9587500000000001,1.0242725909124222,0.9761028444174511,-0.04816974649497108,0.8085243055555555,0.9195002985994851,0.9195002985994851,0.24527799938712727,0.6284120631979322,,0.0,0.4,0.2,0.4,COMPLETE
2,0.23602864544514593,2026-09-08 11:37:56.938539,2026-09-08 11:38:30.712560,0 days 00:00:33.774021,500,norm,"[256, 256]",0.000658628931758311,600,"[256, 256]",1.1715937392307055e-05,1,0.8991547540934132,1.8959876524454198,0.0,0.9152023770467066,0.93125,1.0218738201178126,0.9761028444174511,-0.04577097570036148,0.8632465277777778,0.9378724567373515,0.9378724567373515,0.23602864544514593,0.6502615268676835,,0.0,0.4,0.2,0.4,COMPLETE
3,0.24977190174241037,2026-09-08 11:38:30.713268,2026-09-08 11:38:45.180168,0 days 00:00:14.466900,500,truncnorm,"[256, 256]",0.00045443839603360173,200,"[256, 256, 256]",3.488976654890367e-05,1,0.9019912894716996,1.7284257848756535,0.0,0.9252664780691832,0.9485416666666667,1.0829562712698768,0.9761028444174511,-0.10685342685242571,0.761310763888889,0.9299397817270993,0.9299397817270993,0.24977190174241037,0.6016734474263147,,0.0,0.4,0.2,0.4,COMPLETE
4,0.5316064745818906,2026-09-08 11:38:45.181122,2026-09-08 11:40:51.611924,0 days 00:02:06.430802,200,gamma,"[256, 256]",0.00017643967683381525,650,"[128, 128]",0.0005323617594751496,1,0.9568532562001335,1.4069491139436963,0.0,0.9525932947667335,0.9483333333333334,0.3488192139211421,0.9761028444174511,0.627283630496309,0.6358506944444444,0.8946985281349749,0.8946985281349749,0.5316064745818906,0.5495157887817297,,0.6511807860788579,0.4,0.2,0.4,COMPLETE
5,0.24721435584744755,2026-09-08 11:40:51.613150,2026-09-08 11:43:00.500551,0 days 00:02:08.887401,100,norm,"[128, 128]",1.1557352816269867e-05,450,"[128, 128]",1.6435497475111308e-05,1,0.9020088854485381,1.6017922091599988,0.0,0.9347544427242689,0.9674999999999998,1.0659938894510108,0.9761028444174511,-0.08989104503355971,0.8252430555555554,0.9306147385549255,0.9306147385549255,0.24721435584744755,0.6334371062113,,0.0,0.4,0.2,0.4,COMPLETE
6,0.391677539226436,2026-09-08 11:43:00.501427,2026-09-08 11:45:27.336972,0 days 00:02:26.835545,100,beta,"[256, 256, 256]",0.00011986281799901183,550,"[256, 256]",0.0006097025297491432,5,0.9263793187356147,1.5040724117503044,0.0,0.9049604927011407,0.8835416666666666,0.5864828944263744,0.9761028444174511,0.38961994999107674,0.9036458333333335,0.9108513874977138,0.9108513874977138,0.391677539226436,0.6785675004173526,,0.41351710557362564,0.4,0.2,0.4,COMPLETE
7,0.310672269912201,2026-09-08 11:45:27.338090,2026-09-08 11:47:24.809284,0 days 00:01:57.471194,100,norm,"[128, 128]",5.336533066379606e-05,350,"[128, 128]",0.0002547052623339115,5,0.8979190640198516,1.5636732164620302,0.0,0.9125532820099258,0.9271875,0.8116015541284094,0.9761028444174511,0.1645012902890417,0.849375,0.9204846459932399,0.9204846459932399,0.310672269912201,0.648542106202028,,0.1883984458715906,0.4,0.2,0.4,COMPLETE
8,0.27469247590879464,2026-09-08 11:47:24.809975,2026-09-08 11:48:03.004279,0 days 00:00:38.194304,200,gamma,"[256, 256]",0.00033361013094697806,200,"[256, 256]",0.00022093834415066264,5,0.9061850321311941,1.5481212444681336,0.0,0.9197070993989304,0.9332291666666667,0.9142001938209244,0.9761028444174511,0.061902650596526665,0.8250173611111111,0.916524163145056,0.916524163145056,0.27469247590879464,0.6375514316120388,,0.08579980617907557,0.4,0.2,0.4,COMPLETE
9,0.2078736410874528,2026-09-08 11:48:03.005529,2026-09-08 11:48:13.918998,0 days 00:00:10.913469,500,beta,"[256, 256, 256]",0.00024092145436664767,100,"[256, 256]",2.2321987366901545e-05,1,0.8876436005138759,2.3122666471187534,0.0,0.8709051335902713,0.8541666666666666,1.1039831408313563,0.9761028444174511,-0.1278802964139052,0.9710763888888888,0.9436537756705523,0.9436537756705523,0.2078736410874528,0.7024420617432787,,0.0,0.4,0.2,0.4,COMPLETE
10,0.2345863013819908,2026-09-08 11:48:13.919452,2026-09-08 11:50:00.883311,0 days 00:01:46.963859,200,gamma,"[256, 256]",3.5266643547961975e-05,800,"[256, 256, 256]",9.007312889255122e-05,10,0.8946528158843206,1.48353544153692,0.0,0.905086824608827,0.9155208333333333,1.06747016874828,0.9761028444174511,-0.09136732433082884,0.8245659722222222,0.9168028126780368,0.9168028126780368,0.2345863013819908,0.6372421423077,,0.0,0.4,0.2,0.4,COMPLETE
11,0.32523820738145726,2026-09-08 11:50:00.884265,2026-09-08 11:51:31.624005,0 days 00:01:30.739740,200,beta,"[256, 256, 256]",0.00013093310334961412,650,"[128, 128]",0.0009736576266688193,5,0.9306401541926633,1.371923021162789,0.0,0.8980284104296651,0.8654166666666668,0.749382141975554,0.9761028444174511,0.22672070244189713,0.8828472222222223,0.9010737037005834,0.9010737037005834,0.32523820738145726,0.6711015000009362,,0.250617858024446,0.4,0.2,0.4,COMPLETE
12,0.24515768678863262,2026-09-08 11:51:31.624682,2026-09-08 11:52:50.119200,0 days 00:01:18.494518,200,gamma,"[256, 256]",0.0001443889041442138,600,"[256, 256]",0.0008095632907452306,5,0.915898532436212,1.5211659854945208,0.0,0.8782096828847725,0.8405208333333332,0.9166537779706863,0.9761028444174511,0.05944906644676484,0.94203125,0.912307497049968,0.912307497049968,0.24515768678863262,0.6973233758850096,,0.08334622202931374,0.4,0.2,0.4,COMPLETE
13,0.4661040285130317,2026-09-08 11:52:50.119835,2026-09-08 11:56:15.402520,0 days 00:03:25.282685,100,truncnorm,"[256, 256, 256]",0.0009818226878189125,800,"[128, 128]",0.0003933844222174345,5,0.9524365210335488,1.4415227758672777,0.0,0.9488745105167744,0.9453125,0.4905543703503237,0.9761028444174511,0.4855484740671274,0.719670138888889,0.9123831055890037,0.9123831055890037,0.4661040285130317,0.5861201377677434,,0.5094456296496763,0.4,0.2,0.4,COMPLETE
14,0.3056978080442945,2026-09-08 11:56:15.403284,2026-09-08 11:57:59.950715,0 days 00:01:44.547431,200,truncnorm,"[128, 128]",0.0009929120851237755,800,"[128, 128]",0.00032912982166525656,10,0.9300046499730802,1.4747882934251177,0.0,0.9300023249865401,0.93,0.8640051282067854,0.9761028444174511,0.11209771621066567,0.755451388888889,0.914067803688025,0.914067803688025,0.3056978080442945,0.603505353338037,,0.13599487179321457,0.4,0.2,0.4,COMPLETE
15,0.46239458872979766,2026-09-08 11:57:59.951420,2026-09-08 12:00:54.149779,0 days 00:02:54.198359,100,truncnorm,"[256, 256, 256]",0.00023895253706027953,700,"[128, 128]",0.00013109833200274283,1,0.9493811497970418,1.3790905772602065,0.0,0.9607843248985208,0.9721875,0.5460730009833848,0.9761028444174511,0.43002984343406625,0.577048611111111,0.9035820045809062,0.9035820045809062,0.46239458872979766,0.5174497041812837,,0.45392699901661515,0.4,0.2,0.4,COMPLETE
16,0.474165762286038,2026-09-08 12:00:54.150591,2026-09-08 12:02:35.322230,0 days 00:01:41.171639,200,gamma,"[256, 256]",0.0009096015328440264,750,"[128, 128]",0.00037867514190104037,5,0.9454826705654764,1.43172486792243,0.0,0.9513871686160715,0.9572916666666668,0.48074503427840554,0.9761028444174511,0.49535781013904556,0.6846006944444444,0.9061496332569334,0.9061496332569334,0.474165762286038,0.5704554572451421,,0.5192549657215945,0.4,0.2,0.4,COMPLETE
17,0.4118850387400457,2026-09-08 12:02:35.323005,2026-09-08 12:03:41.564905,0 days 00:01:06.241900,200,gamma,"[256, 256]",0.0005239619507609597,500,"[128, 128]",0.00048690802399332136,5,0.9357259227121844,1.5097830292312349,0.0,0.9319254613560921,0.928125,0.5814188848647293,0.9761028444174511,0.39468395955272184,0.829392361111111,0.9103607375768601,0.9103607375768601,0.4118850387400457,0.6415879592824976,,0.41858111513527074,0.4,0.2,0.4,COMPLETE
18,0.5392218648806477,2026-09-08 12:03:41.565290,2026-09-08 12:05:10.651019,0 days 00:01:29.085729,200,gamma,"[256, 256]",0.00023792910942041124,700,"[256, 256, 256]",0.00017164965915372497,1,0.960012690270618,1.4062226804097602,0.0,0.962975095135309,0.9659375,0.36551999214151865,0.9761028444174511,0.6105828522759325,0.5394791666666667,0.9031290058299689,0.9031290058299689,0.5392218648806477,0.4988008815843427,,0.6344800078584814,0.4,0.2,0.4,COMPLETE
19,0.5006792305997589,2026-09-08 12:05:10.651770,2026-09-08 12:06:40.939279,0 days 00:01:30.287509,200,gamma,"[256, 256]",0.0002281494763257257,650,"[256, 256, 256]",0.0001538210144248911,1,0.957333054031088,1.4213869313066279,0.0,0.959916527015544,0.9624999999999999,0.4409686950006332,0.9761028444174511,0.5351341494168179,0.6040625,0.8917724632299104,0.8917724632299104,0.5006792305997589,0.5344995110310269,,0.5590313049993668,0.4,0.2,0.4,COMPLETE
